DISTRICT_N,District,Teacher Compensation,Non-Teacher Compensation,Capital Outlay & Debt Service,Other Operating Expenses,Recapture,Total,Enrollment,Check on Total,Per-Pupil
1902,CAYUGA ISD,4301897,3271374,1449372,3249268,0,12271911,589,12271911,20835.16
1903,ELKHART ISD,8083273,3899228,2045905,4114941,0,18143347,1197,18143347,15157.35
1904,FRANKSTON ISD,5840297,3237368,821085,4382864,0,14281614,802,14281614,17807.5
1906,NECHES ISD,2249478,1461140,345361,1723751,0,5779730,326,5779730,17729.23
1907,PALESTINE ISD,22226875,13216136,4124653,14339369,0,53907033,3247,53907033,16602.1
1908,WESTWOOD ISD,7789807,6279385,17618796,6086830,0,37774818,1365,37774818,27673.86
1909,SLOCUM ISD,3086260,1337828,309734,1226357,0,5960179,332,5960179,17952.35
2901,ANDREWS ISD,26192369,17144845,34300224,11224479,22607559,111469476,4269,88861917,20815.63
3902,HUDSON ISD,17247433,9711065,2875393,8993234,0,38827125,2741,38827125,14165.31
3903,LUFKIN ISD,41007580,31488356,15476454,22194263,0,110166653,7046,110166653,15635.35
3904,HUNTINGTON ISD,9867406,6494899,1555099,5811352,0,23728756,1590,23728756,14923.75
3905,DIBOLL ISD,11229290,8033778,1142761,5917876,0,26323705,1627,26323705,16179.29
3906,ZAVALLA ISD,2503298,1156387,300926,1517198,0,5477809,320,5477809,17118.15
3907,CENTRAL ISD,9565688,6043272,744430,6672861,0,23026251,1525,23026251,15099.18
4901,ROCKPORT-FULTON ISD,19877310,11610053,22022051,13520065,4947230,71976709,2968,67029479,22584.06
5901,ARCHER CITY ISD,3741136,2131982,1120763,2046383,0,9040264,501,9040264,18044.44
5902,HOLLIDAY ISD,7481695,3175282,12480346,3190443,0,26327766,1132,26327766,23257.74
5904,WINDTHORST ISD,3537942,1758444,166450,2343212,0,7806048,516,7806048,15128
6902,CLAUDE ISD,2018406,1203733,139975,1631693,0,4993807,319,4993807,15654.57
7901,CHARLOTTE ISD,3481198,2385609,986357,2383271,0,9236435,444,9236435,20802.78
7902,JOURDANTON ISD,10160472,5567924,3714391,5490414,0,24933201,1588,24933201,15701.01
7904,LYTLE ISD,10470480,8066567,2176527,5905426,0,26619000,1821,26619000,14617.79
7905,PLEASANTON ISD,25108680,15307195,7536855,11633760,0,59586490,3364,59586490,17712.99
7906,POTEET ISD,10368046,7899807,4589400,7080667,0,29937920,1842,29937920,16252.94
8901,BELLVILLE ISD,14378992,8335984,10092731,7977655,119807,40905169,2283,40785362,17864.81
8902,SEALY ISD,16302228,8914399,6202887,8531018,0,39950532,3002,39950532,13307.97
8903,BRAZOS ISD,5265017,3356589,2013282,3727823,0,14362711,859,14362711,16720.27
9901,MULESHOE ISD,8488002,4520785,3275323,7304209,0,23588319,1321,23588319,17856.41
10901,MEDINA ISD,2183485,1371817,571884,1175709,0,5302895,239,5302895,22187.85
10902,BANDERA ISD,13215556,8101522,4572403,7307328,0,33196809,2338,33196809,14198.81
11901,BASTROP ISD,74371996,36278950,81402687,43160308,0,235213941,13010,235213941,18079.47
11902,ELGIN ISD,28345469,25235807,105224801,17550394,0,176356471,5715,176356471,30858.53
11904,SMITHVILLE ISD,10321406,6642065,2699062,8388183,0,28050716,1834,28050716,15294.83
11905,MCDADE ISD,2897209,1816571,841528,1689675,0,7244983,360,7244983,20124.95
12901,SEYMOUR ISD,4220832,2653863,1470741,3530532,0,11875968,633,11875968,18761.4
13901,BEEVILLE ISD,18929990,13986831,10130317,12543428,0,55590566,3101,55590566,17926.66
13902,PAWNEE ISD,5051139,3981214,1163642,3365800,32352,13594147,577,13561795,23503.98
13903,PETTUS ISD,3078333,1896298,2222565,2197358,618,9395172,394,9394554,23844.05
13905,SKIDMORE-TYNAN ISD,5588646,3664578,5919314,3689952,0,18862490,794,18862490,23756.28
14901,ACADEMY ISD,10435970,5588288,41450374,5558087,0,63032719,1814,63032719,34747.92
14902,BARTLETT ISD,3484455,2291756,4257188,2332857,0,12366256,439,12366256,28169.15
14903,BELTON ISD,81822707,54548319,120395794,38299903,0,295066723,13808,295066723,21369.26
14905,HOLLAND ISD,5130610,3730536,754509,2750150,0,12365805,638,12365805,19382.14
14906,KILLEEN ISD,268355381,169505617,67199974,163935134,0,668996106,43864,668996106,15251.6
14907,ROGERS ISD,5854490,3422443,1954942,2695080,0,13926955,875,13926955,15916.52
14908,SALADO ISD,11820758,6735400,15819148,6447144,0,40822450,2346,40822450,17400.87
14909,TEMPLE ISD,55602041,31807238,69159378,26600380,0,183169037,8784,183169037,20852.58
14910,TROY ISD,9875611,4826494,2176990,5289599,0,22168694,1706,22168694,12994.55
15901,ALAMO HEIGHTS ISD,33742697,15582330,34855150,12776185,22143951,119100313,4698,96956362,20637.8
15904,HARLANDALE ISD,76487384,51341484,29732248,35975554,0,193536670,11814,193536670,16381.98
15905,EDGEWOOD ISD (Bexar),52248732,44578352,12395171,37779814,0,147002069,7930,147002069,18537.46
15906,RANDOLPH FIELD ISD,10609343,7029552,1079564,5140805,0,23859264,1494,23859264,15970.06
15907,SAN ANTONIO ISD,297361548,257443785,279157149,169322881,0,1003285363,44670,1003285363,22459.94
15908,SOUTH SAN ANTONIO ISD,46897032,36997556,18447316,23526118,0,125868022,7429,125868022,16942.79
15909,SOMERSET ISD,24317423,20118314,6008109,19659763,0,70103609,4252,70103609,16487.21
15910,NORTH EAST ISD,377170649,203349096,218649047,133394152,0,932562944,57374,932562944,16254.1
15911,EAST CENTRAL ISD,63002872,38055693,71155007,33842296,0,206055868,11176,206055868,18437.35
15912,SOUTHWEST ISD,93906980,63224201,50527721,42773277,0,250432179,14202,250432179,17633.59
15913,LACKLAND ISD,9595299,5973339,3345274,4167858,0,23081770,1035,23081770,22301.23
15914,FT SAM HOUSTON ISD,14908596,9811104,1736228,9186901,0,35642829,1611,35642829,22124.66
15915,NORTHSIDE ISD (Bexar),693219338,367436430,526392061,219233269,0,1806281098,101095,1806281098,17867.17
15916,JUDSON ISD,170196419,90386778,126969423,80904816,0,468457436,23848,468457436,19643.47
15917,SOUTHSIDE ISD,38475873,28944365,8168473,18277719,0,93866430,6033,93866430,15558.83
16901,JOHNSON CITY ISD,5028230,3446321,13972174,2802814,1971927,27221466,718,25249539,35166.49
16902,BLANCO ISD,6765378,4949869,21823353,4723659,538067,38800326,1105,38262259,34626.48
17901,BORDEN COUNTY ISD,2585586,2335079,8561551,2616108,3615481,19713805,242,16098324,66522
18901,CLIFTON ISD,7428042,3762354,1862595,3186973,0,16239964,1025,16239964,15843.87
18902,MERIDIAN ISD,3030801,1894832,1752467,3109057,0,9787157,344,9787157,28451.04
18903,MORGAN ISD,1111030,660953,97834,913314,0,2783131,148,2783131,18804.94
18904,VALLEY MILLS ISD,3876655,2377920,1659429,3622888,0,11536892,681,11536892,16941.1
18905,WALNUT SPRINGS ISD,1437900,717516,30925,1453694,0,3640035,174,3640035,20919.74
18906,IREDELL ISD,1199664,557552,271793,794838,0,2823847,135,2823847,20917.39
18907,KOPPERL ISD,1255265,936457,261054,916804,0,3369580,177,3369580,19037.18
18908,CRANFILLS GAP ISD,1253441,568057,91366,1171499,0,3084363,128,3084363,24096.59
19901,DEKALB ISD,5403811,2510523,1955023,4457293,0,14326650,901,14326650,15900.83
19902,HOOKS ISD,5371655,3484261,3407887,3598869,0,15862672,890,15862672,17823.23
19903,MAUD ISD,3072101,1943516,1230356,2192510,0,8438483,456,8438483,18505.45
19905,NEW BOSTON ISD,10157940,4616171,3164155,5173782,0,23112048,1142,23112048,20238.22
19906,REDWATER ISD,7562054,2831481,1047760,6879399,0,18320694,1109,18320694,16520.01
19907,TEXARKANA ISD,47941542,29442849,51847228,29282161,0,158513780,7276,158513780,21785.84
19908,LIBERTY-EYLAU ISD,13346779,8725514,1960138,5500749,0,29533180,1985,29533180,14878.18
19909,SIMMS ISD,3499179,1670593,437309,2100794,0,7707875,505,7707875,15263.12
19910,MALTA ISD,1261926,388528,199059,500424,0,2349937,212,2349937,11084.61
19911,RED LICK ISD,3138486,1594495,1100547,1911810,0,7745338,519,7745338,14923.58
19912,PLEASANT GROVE ISD,13347292,6142182,23741053,10558308,0,53788835,2274,53788835,23653.84
19913,HUBBARD ISD,733370,176803,120625,575761,0,1606559,67,1606559,23978.49
19914,LEARY ISD,770537,235733,31550,460321,0,1498141,120,1498141,12484.51
20901,ALVIN ISD,186029434,99728327,147847549,83133514,0,516738824,29740,516738824,17375.21
20902,ANGLETON ISD,44402190,26724012,88379275,18940951,0,178446428,7068,178446428,25247.09
20904,DANBURY ISD,5031368,3497190,2567145,4134699,0,15230402,661,15230402,23041.46
20905,BRAZOSPORT ISD,78357253,45588311,67596249,37212676,234559,228989048,11357,228754489,20142.16
20906,SWEENY ISD,13179636,9039671,5834831,9844411,83086,37981635,1933,37898549,19606.08
20907,COLUMBIA-BRAZORIA ISD,16743742,10594497,37070688,8509071,0,72917998,2954,72917998,24684.49
20908,PEARLAND ISD,112972710,68477985,48822192,52478162,0,282751049,21111,282751049,13393.54
20910,DAMON ISD,1202335,622384,280229,784638,0,2889586,102,2889586,28329.27
21901,COLLEGE STATION ISD,88104444,46168495,65823852,49525829,28145,249650765,14366,249622620,17375.93
21902,BRYAN ISD,110169817,66720885,75549052,39343450,0,291783204,15897,291783204,18354.61
22004,TERLINGUA CSD,1147584,757536,169894,681845,0,2756859,132,2756859,20885.3
22901,ALPINE ISD,6639575,5101888,1696900,4121530,0,17559893,918,17559893,19128.42
22902,MARATHON ISD,864892,436371,0,622420,0,1923683,59,1923683,32604.8
22903,SAN VICENTE ISD,332709,756414,76043,485154,0,1650320,20,1650320,82516
23902,SILVERTON ISD,1435086,726833,758853,1227416,0,4148188,223,4148188,18601.74
24901,BROOKS COUNTY ISD,8198042,6041292,3042531,9803997,0,27085862,1244,27085862,21773.2
25901,BANGS ISD,5272146,3134169,1466270,2921489,0,12794074,817,12794074,15659.82
25902,BROWNWOOD ISD,23789132,11216753,16169218,10157846,0,61332949,3441,61332949,17824.16
25904,BLANKET ISD,1166844,771261,75803,1192840,0,3206748,140,3206748,22905.34
25905,MAY ISD,1754702,1079313,314568,1283145,0,4431728,266,4431728,16660.63
25906,ZEPHYR ISD,1429779,723745,473869,1237624,0,3865017,217,3865017,17811.14
25908,BROOKESMITH ISD,1805086,1817346,415474,2525587,0,6563493,173,6563493,37939.27
25909,EARLY ISD,7274002,3118417,1649040,3968499,0,16009958,1109,16009958,14436.39
26901,CALDWELL ISD,12923391,6434552,5045080,6697878,0,31100901,1965,31100901,15827.43
26902,SOMERVILLE ISD,3941079,2435764,1250650,2189012,0,9816505,536,9816505,18314.38
26903,SNOOK ISD,3751978,2611482,1361598,2381188,0,10106246,606,10106246,16676.97
27903,BURNET CISD,17963388,12020685,9448069,10495010,3685202,53612354,3285,49927152,15198.52
27904,MARBLE FALLS ISD,27039707,17741951,20518341,11394147,8763620,85457766,4048,76694146,18946.18
28902,LOCKHART ISD,38264599,17509887,26362197,23306719,0,105443402,6604,105443402,15966.6
28903,LULING ISD,7964893,5049785,2114058,4016646,0,19145382,1426,19145382,13425.93
28906,PRAIRIE LEA ISD,1797532,1475522,1112444,1425128,0,5810626,265,5810626,21926.89
29901,CALHOUN COUNTY ISD,23058200,14225959,11064625,12719345,0,61068129,3533,61068129,17285.06
30901,CROSS PLAINS ISD,2840626,1460061,287768,2044541,0,6632996,364,6632996,18222.52
30902,CLYDE CISD,7922128,4412317,1574397,8321748,0,22230590,1408,22230590,15788.77
30903,BAIRD ISD,2541233,1759237,12045126,1907506,307207,18560309,358,18253102,50986.32
30906,EULA ISD,4030737,1530521,15085335,5973609,0,26620202,473,26620202,56279.5
31901,BROWNSVILLE ISD,265612016,169529983,73094160,116545924,0,624782083,37065,624782083,16856.39
31903,HARLINGEN CISD,113727647,76686078,29082363,59280587,0,278776675,16780,278776675,16613.63
31905,LA FERIA ISD,18514717,12755380,3397691,13176081,0,47843869,2882,47843869,16600.93
31906,LOS FRESNOS CISD,68276557,42738999,30915924,31505408,0,173436888,10546,173436888,16445.75
31909,POINT ISABEL ISD,13505808,10637797,18312959,10901904,22203046,75561514,1857,53358468,28733.69
31911,RIO HONDO ISD,9170299,7698459,4015733,7454741,0,28339232,1494,28339232,18968.7
31912,SAN BENITO CISD,63023339,41695106,10574761,30937481,0,146230687,9126,146230687,16023.52
31913,SANTA MARIA ISD,5180919,4190356,1549741,3761090,0,14682106,540,14682106,27189.09
31914,SANTA ROSA ISD,7527401,5342709,2286035,5905704,0,21061849,931,21061849,22622.82
31916,SOUTH TEXAS ISD,29083220,27207779,11174359,30550971,0,98016329,4531,98016329,21632.38
32902,PITTSBURG ISD,14954173,9016537,1643477,7852225,0,33466412,2285,33466412,14646.13
33901,GROOM ISD,1260963,671772,1085063,993323,0,4011121,135,4011121,29712.01
33902,PANHANDLE ISD,4556619,2186340,1937593,3979568,0,12660120,625,12660120,20256.19
33904,WHITE DEER ISD,2686516,1419757,1113221,1379153,0,6598647,314,6598647,21014.8
34901,ATLANTA ISD,12289518,7797683,4314178,7658141,0,32059520,1926,32059520,16645.65
34902,AVINGER ISD,1077282,540697,0,921034,0,2539013,117,2539013,21700.97
34903,HUGHES SPRINGS ISD,7933833,3790051,414915,4260313,0,16399112,1117,16399112,14681.39
34905,LINDEN-KILDARE CISD,4637339,2950181,597841,4102943,0,12288304,654,12288304,18789.46
34906,MCLEOD ISD,2865484,1147030,142522,1249717,0,5404753,428,5404753,12627.93
34907,QUEEN CITY ISD,6638572,3965914,611377,5878971,0,17094834,926,17094834,18460.94
34909,BLOOMBURG ISD,1859312,1116926,137774,1148025,0,4262037,243,4262037,17539.25
35901,DIMMITT ISD,7233949,4828210,2656592,4207347,0,18926098,1088,18926098,17395.31
35902,HART ISD,1129853,782061,278210,1550560,0,3740684,212,3740684,17644.74
35903,NAZARETH ISD,1732416,888607,62715,1384105,0,4067843,247,4067843,16469
36901,ANAHUAC ISD,9781688,5716853,35305033,5765934,0,56569508,1547,56569508,36567.23
36902,BARBERS HILL ISD,62703594,33085415,86185449,23761711,10278175,216014344,7723,205736169,26639.41
36903,EAST CHAMBERS ISD,9385471,5880681,9929890,6514558,0,31710600,1563,31710600,20288.29
37901,ALTO ISD,4583143,2600661,626250,2923846,0,10733900,504,10733900,21297.42
37904,JACKSONVILLE ISD,29811496,18347164,6958494,13308481,0,68425635,4834,68425635,14155.08
37907,RUSK ISD,13654284,8122103,944995,7805230,0,30526612,2057,30526612,14840.36
37908,NEW SUMMERFIELD ISD,4020627,2606013,559098,2171393,0,9357131,511,9357131,18311.41
37909,WELLS ISD,1863846,1133998,209697,1453472,0,4661013,242,4661013,19260.38
38901,CHILDRESS ISD,6548959,3450473,57101,3877322,0,13933855,976,13933855,14276.49
39902,HENRIETTA ISD,7044807,4426926,2565119,4218584,0,18255436,954,18255436,19135.68
39903,PETROLIA CISD,3359940,1775810,394132,2919756,0,8449638,476,8449638,17751.34
39904,BELLEVUE ISD,1473529,702691,958054,1375878,0,4510152,181,4510152,24917.97
39905,MIDWAY ISD (Clay),1437801,636128,626737,895203,0,3595869,137,3595869,26247.22
40901,MORTON ISD,2950608,1550871,77402,2095265,0,6674146,354,6674146,18853.52
40902,WHITEFACE CISD,2387755,1611275,1253389,1973482,0,7225901,325,7225901,22233.54
41901,BRONTE ISD,1831460,1119925,105493,1545585,0,4602463,224,4602463,20546.71
41902,ROBERT LEE ISD,2032036,1281621,3386271,2242426,0,8942354,263,8942354,34001.35
42901,COLEMAN ISD,5216990,3551790,16587,3774059,0,12559426,794,12559426,15817.92
42903,SANTA ANNA ISD,1870150,1192047,95775,1803311,0,4961283,253,4961283,19609.81
42905,PANTHER CREEK CISD,1459609,936851,99126,1038984,0,3534570,161,3534570,21953.85
43901,ALLEN ISD,119743680,65144652,115684415,63936733,2795277,367304757,21370,364509480,17057.07
43902,ANNA ISD,35407139,19281270,84636956,12950784,0,152276149,5470,152276149,27838.42
43903,CELINA ISD,26255076,14182102,73567222,11917610,461259,126383269,4577,125922010,27511.91
43904,FARMERSVILLE ISD,13639123,9048822,28541423,9309885,0,60539253,2236,60539253,27074.8
43905,FRISCO ISD,402909290,197354508,245242428,141466442,10746030,997718698,66698,986972668,14797.64
43907,MCKINNEY ISD,148968288,65400229,140063480,82989462,5431182,442852641,23306,437421459,18768.62
43908,MELISSA ISD,40609346,17140050,121474513,22065305,0,201289214,6735,201289214,29887.04
43910,PLANO ISD,329024552,153009289,242114418,122392882,134497524,981038665,47899,846541141,17673.46
43911,PRINCETON ISD,53591595,27434020,106815971,20805485,0,208647071,8688,208647071,24015.55
43912,PROSPER ISD,168631536,76318947,534972499,76855639,537262,857315883,28467,856778621,30097.26
43914,WYLIE ISD (Collin),114262975,60367557,62846463,48865392,0,286342387,19231,286342387,14889.63
43917,BLUE RIDGE ISD,6387084,3489317,2334824,4486869,0,16698094,1030,16698094,16211.74
43918,COMMUNITY ISD,26890633,16707107,133834120,13404278,0,190836138,4628,190836138,41235.12
43919,LOVEJOY ISD,21947978,14907611,20048937,11158921,649871,68713318,4092,68063447,16633.3
44902,WELLINGTON ISD,3838474,2062212,250189,2146257,0,8297132,544,8297132,15252.08
45902,COLUMBUS ISD,9548298,5478016,2733607,6636477,0,24396398,1636,24396398,14912.22
45903,RICE CISD,8269852,4704850,1774835,5987361,0,20736898,1315,20736898,15769.5
45905,WEIMAR ISD,5075644,2646199,1077913,2697904,0,11497660,722,11497660,15924.74
46901,NEW BRAUNFELS ISD,52273599,27677441,179694785,26077586,0,285723411,9779,285723411,29218.06
46902,COMAL ISD,156630464,79834783,221234515,104486122,4660926,566846810,29263,562185884,19211.49
47901,COMANCHE ISD,9097989,4346066,4089598,5293946,0,22827599,1364,22827599,16735.78
47902,DE LEON ISD,5837581,3647627,5768423,3816339,0,19069970,664,19069970,28719.83
47903,GUSTINE ISD,1412830,743207,331669,1467385,0,3955091,129,3955091,30659.62
47905,SIDNEY ISD,957720,489888,105030,1491895,0,3044533,152,3044533,20029.82
48901,EDEN CISD,1672000,1205043,2105989,1275987,0,6259019,221,6259019,28321.35
48903,PAINT ROCK ISD,3026135,2292420,599543,1613018,0,7531116,231,7531116,32602.23
49901,GAINESVILLE ISD,18512878,11673002,8229447,11906017,0,50321344,3088,50321344,16295.77
49902,MUENSTER ISD,3639715,1815229,1679075,2093977,0,9227996,565,9227996,16332.74
49903,VALLEY VIEW ISD (Cooke),7016707,5248232,1682394,4220274,0,18167607,930,18167607,19535.06
49905,CALLISBURG ISD,6890195,4060760,1366378,4288980,0,16606313,1191,16606313,13943.17
49906,ERA ISD,3020370,1639895,1213042,2366656,0,8239963,509,8239963,16188.53
49907,LINDSAY ISD,3026480,1896159,2123718,1868325,0,8914682,484,8914682,18418.76
49908,WALNUT BEND ISD,503316,281486,1,488521,0,1273324,64,1273324,19895.69
49909,SIVELLS BEND ISD,634531,295102,278766,467505,797949,2473853,74,1675904,22647.35
50901,EVANT ISD,1455380,998435,145870,1535358,0,4135043,204,4135043,20269.82
50902,GATESVILLE ISD,16127649,10401575,2097882,6461836,0,35088942,2695,35088942,13020.02
50904,OGLESBY ISD,1589171,851069,501289,1256809,0,4198338,204,4198338,20580.09
50909,JONESBORO ISD,1830078,1253133,1330720,1146504,0,5560435,319,5560435,17430.83
50910,COPPERAS COVE ISD,53273760,30417515,4041152,21940345,0,109672772,7959,109672772,13779.72
51901,PADUCAH ISD,1271702,831028,48744,1897667,0,4049141,161,4049141,25149.94
52901,CRANE ISD,8952873,5889633,17068388,4837581,7173874,43922349,1211,36748475,30345.56
53001,CROCKETT COUNTY CONSOLIDATED CSD,5687847,3566343,30696407,4256842,8149484,52356923,651,44207439,67906.97
54901,CROSBYTON CISD,2382335,1341389,614016,2147621,0,6485361,319,6485361,20330.29
54902,LORENZO ISD,2398924,1837981,3799,1595467,0,5836171,215,5836171,27144.98
54903,RALLS ISD,3185571,1755859,48196,2526262,0,7515888,441,7515888,17042.83
55901,CULBERSON COUNTY-ALLAMOORE ISD,3394420,3344897,18774187,7205174,44992459,77711137,393,32718678,83253.63
56901,DALHART ISD,8759936,3461867,10201517,6873861,0,29297181,1788,29297181,16385.45
56902,TEXLINE ISD,1566514,689298,769586,1307187,0,4332585,217,4332585,19965.83
57903,CARROLLTON-FARMERS BRANCH ISD,175399748,102538926,104970303,57964071,7848832,448721880,24386,440873048,18078.94
57904,CEDAR HILL ISD,37858466,25938004,20834889,19083228,1001330,104715917,6336,103714587,16369.1
57905,DALLAS ISD,992155279,743303669,1071287851,465387457,44498624,3316632880,139246,3272134256,23498.95
57906,DESOTO ISD,33512247,23117571,16639436,25997098,337697,99604049,5995,99266352,16558.19
57907,DUNCANVILLE ISD,61959153,54706610,24958720,31833488,0,173457971,11761,173457971,14748.57
57909,GARLAND ISD,337647243,218472245,187005396,165287372,0,908412256,51659,908412256,17584.78
57910,GRAND PRAIRIE ISD,159891063,110580279,57317806,78452146,0,406241294,26638,406241294,15250.44
57911,HIGHLAND PARK ISD (Potter),45433181,24704822,41242787,19984788,78601404,209966982,6437,131365578,20407.89
57912,IRVING ISD,194949219,134177089,98036767,94834371,0,521997446,31485,521997446,16579.24
57913,LANCASTER ISD,36986545,29917736,21798693,29894150,0,118597124,7014,118597124,16908.63
57914,MESQUITE ISD,274962723,144776695,113631136,115277123,0,648647677,38265,648647677,16951.46
57916,RICHARDSON ISD,257737187,146289173,221149401,130436073,4086026,759697860,37085,755611834,20375.13
57919,SUNNYVALE ISD,14477054,7220832,9107556,6858904,279109,37943455,2317,37664346,16255.65
57922,COPPELL ISD,86797688,36998206,68274142,54949792,22360852,269380680,13414,247019828,18415.08
58902,DAWSON ISD,1025460,731991,2,1291747,0,3049200,132,3049200,23100
58905,KLONDIKE ISD,2200996,1778367,3585080,2029571,26091282,35685296,253,9594014,37921
58906,LAMESA ISD,8706478,7949338,1843030,8110919,0,26609765,1520,26609765,17506.42
58909,SANDS CISD,1924701,1194057,32628882,2146134,25565995,63459769,246,37893774,154039.73
59901,HEREFORD ISD,21744484,13831899,6736828,14804920,0,57118131,3950,57118131,14460.29
59902,WALCOTT ISD,1062104,469943,317118,935258,0,2784423,144,2784423,19336.27
60902,COOPER ISD,5664758,3476642,2538699,3844838,0,15524937,878,15524937,17682.16
60914,FANNINDEL ISD,1457846,770132,168358,1560496,0,3956832,139,3956832,28466.42
61901,DENTON ISD,204362823,110255088,377962177,79985183,0,772565271,32866,772565271,23506.52
61902,LEWISVILLE ISD,321506433,140275299,312556432,121115256,11783100,907236520,48440,895453420,18485.83
61903,PILOT POINT ISD,8630779,4707205,10541485,7896261,0,31775730,1551,31775730,20487.25
61905,KRUM ISD,12619672,8927871,19964362,7198216,0,48710121,2483,48710121,19617.45
61906,PONDER ISD,9014606,5271283,18767244,5830746,109626,38993505,1677,38883879,23186.57
61907,AUBREY ISD,21082715,8513919,78067276,14886293,0,122550203,4000,122550203,30637.55
61908,SANGER ISD,21152546,12393142,72605991,10716327,0,116868006,2810,116868006,41590.04
61910,ARGYLE ISD,30883598,16152942,79899255,13956103,210702,141102600,5414,140891898,26023.62
61911,NORTHWEST ISD,173370074,81761200,458569898,81093057,857545,795651774,30736,794794229,25858.74
61912,LAKE DALLAS ISD,22528436,13221173,24362086,11102616,0,71214311,3811,71214311,18686.52
61914,LITTLE ELM ISD,45585885,27994930,53328823,31385587,1387388,159682613,8211,158295225,19278.43
62901,CUERO ISD,12811034,7838167,6540014,8798924,0,35988139,1905,35988139,18891.41
62902,NORDHEIM ISD,1322450,680902,4399206,1102924,9048640,16554122,126,7505482,59567.32
62903,YOAKUM ISD,12283080,8535602,13712571,6008207,0,40539460,1498,40539460,27062.39
62904,YORKTOWN ISD,4394296,2446637,0,2450200,12770925,22062058,541,9291133,17174
62905,WESTHOFF ISD,811520,635314,39474,613640,6501492,8601440,88,2099948,23863.05
62906,MEYERSVILLE ISD,990833,443707,1097521,1010956,0,3543017,155,3543017,22858.17
63903,SPUR ISD,1651898,1051450,692087,1492079,0,4887514,205,4887514,23841.53
63906,PATTON SPRINGS ISD,877523,621031,32263,896558,855244,3282619,76,2427375,31939.14
64903,CARRIZO SPRINGS CISD,13454660,12029986,4422404,8497983,42469155,80874188,1915,38405033,20054.85
65901,CLARENDON ISD,3029584,2064094,476522,1893244,0,7463444,417,7463444,17897.95
65902,HEDLEY ISD,1048165,612427,391642,737064,0,2789298,101,2789298,27616.81
66005,RAMIREZ CSD,484955,294975,44332,754906,0,1579168,22,1579168,71780.36
66901,BENAVIDES ISD,2252286,1308528,621254,4360908,0,8542976,445,8542976,19197.7
66902,SAN DIEGO ISD,9204351,5509610,5603564,7979384,0,28296909,1513,28296909,18702.52
66903,FREER ISD,5082841,3019583,645333,3791937,0,12539694,706,12539694,17761.61
67902,CISCO ISD,5894800,3472560,133233,3118192,0,12618785,825,12618785,15295.5
67903,EASTLAND ISD,6938197,2671640,994688,4595058,0,15199583,1067,15199583,14245.16
67904,GORMAN ISD,2665469,2339152,344418,2808237,0,8157276,247,8157276,33025.41
67907,RANGER ISD,2809998,1478900,0,1520120,0,5809018,295,5809018,19691.59
67908,RISING STAR ISD,1482858,910042,9672,1799248,0,4201820,194,4201820,21658.87
68901,ECTOR COUNTY ISD,179738851,105592531,71023161,109738571,0,466093114,33426,466093114,13944.03
69901,ROCKSPRINGS ISD,1742523,1363007,1109012,1718018,1277291,7209851,211,5932560,28116.4
69902,NUECES CANYON CISD,1984443,1057473,116000,1474169,95988,4728073,239,4632085,19381.11
70901,AVALON ISD,2197259,1136631,29234,1016596,0,4379720,349,4379720,12549.34
70903,ENNIS ISD,36832546,15906220,23293911,23740304,0,99772981,6466,99772981,15430.4
70905,FERRIS ISD,20945875,13142324,3449080,8313354,0,45850633,2877,45850633,15936.96
70907,ITALY ISD,5048773,3458399,1166919,3539064,0,13213155,628,13213155,21040.06
70908,MIDLOTHIAN ISD,59767048,32482585,48866523,25767996,0,166884152,11103,166884152,15030.55
70909,MILFORD ISD,1746775,1049476,173595,1305372,0,4275218,261,4275218,16380.15
70910,PALMER ISD,8135635,4071236,2066739,5566250,0,19839860,1338,19839860,14828
70911,RED OAK ISD,36062434,28842532,25939517,19344422,0,110188905,6592,110188905,16715.55
70912,WAXAHACHIE ISD,64615142,41438777,139589703,28189184,0,273832806,11052,273832806,24776.76
70915,MAYPEARL ISD,6990691,4729821,9147897,4439285,0,25307694,1224,25307694,20676.22
71901,CLINT ISD,68404321,46527214,21772938,38241714,0,174946187,10260,174946187,17051.29
71902,EL PASO ISD,322199632,223120331,121065069,143955041,0,810340073,49139,810340073,16490.77
71903,FABENS ISD,15595449,9413584,3551898,9457100,0,38018031,1908,38018031,19925.59
71904,SAN ELIZARIO ISD,19406207,16184610,3824783,13493262,0,52908862,3009,52908862,17583.54
71905,YSLETA ISD,263109212,157989859,126726067,84176623,0,632001761,34918,632001761,18099.6
71906,ANTHONY ISD,5490108,4691366,533724,3246014,0,13961212,752,13961212,18565.44
71907,CANUTILLO ISD,40655744,26413411,16846601,14410538,0,98326294,5904,98326294,16654.18
71908,TORNILLO ISD,6044419,5384255,1526757,4971172,0,17926603,762,17926603,23525.73
71909,SOCORRO ISD,300060696,167613993,110996132,129099612,0,707770433,47304,707770433,14962.17
72901,THREE WAY ISD,1599160,1017662,118131,1397469,0,4132422,205,4132422,20158.16
72902,DUBLIN ISD,6298079,4295046,1347550,5916436,0,17857111,1146,17857111,15582.12
72903,STEPHENVILLE ISD,20315937,11519279,31262080,11025154,0,74122450,3678,74122450,20152.92
72904,BLUFF DALE ISD,1356222,838194,353660,1186765,57240,3792081,221,3734841,16899.73
72908,HUCKABAY ISD,2159843,868453,699887,1336758,0,5064941,330,5064941,15348.31
72909,LINGLEVILLE ISD,1808665,1277778,452982,1047846,0,4587271,274,4587271,16741.86
72910,MORGAN MILL ISD,1103535,378677,0,790395,0,2272607,122,2272607,18627.93
73901,CHILTON ISD,4056264,2699851,9899157,2104977,0,18760249,572,18760249,32797.64
73903,MARLIN ISD,5798981,6004902,12763544,4297899,0,28865326,903,28865326,31966.03
73904,WESTPHALIA ISD,1075883,621216,95681,540258,0,2333038,156,2333038,14955.37
73905,ROSEBUD-LOTT ISD,5007616,3177048,2070045,2939556,0,13194265,756,13194265,17452.73
74903,BONHAM ISD,11330124,6591873,9077742,6211447,0,33211186,1974,33211186,16824.31
74904,DODD CITY ISD,2197307,1063203,310382,1371531,0,4942423,320,4942423,15445.07
74905,ECTOR ISD,1659589,985927,519334,1213462,0,4378312,252,4378312,17374.25
74907,HONEY GROVE ISD,5294351,3787312,4234692,2823425,0,16139780,618,16139780,26116.15
74909,LEONARD ISD,6370376,3888954,13678784,3255853,0,27193967,814,27193967,33407.82
74911,SAVOY ISD,2151324,1470483,485249,1368727,0,5475783,302,5475783,18131.73
74912,TRENTON ISD,3849292,2315371,17087291,2597834,0,25849788,700,25849788,36928.27
74917,SAM RAYBURN ISD,4534846,1779856,1835678,2295569,0,10445949,484,10445949,21582.54
75901,FLATONIA ISD,4751031,2603282,3202795,2828378,0,13385486,659,13385486,20311.81
75902,LA GRANGE ISD,11099250,6112263,2789087,7307498,0,27308098,1926,27308098,14178.66
75903,SCHULENBURG ISD,5163010,2813092,2052797,2486938,0,12515837,663,12515837,18877.58
75906,FAYETTEVILLE ISD,2367483,798436,2225480,1496502,0,6887901,290,6887901,23751.38
75908,ROUND TOP-CARMINE ISD,1687773,1091584,241788,940248,2471766,6433159,240,3961393,16505.8
76903,ROBY CISD,2629369,1230502,1201034,2861981,0,7922886,307,7922886,25807.45
76904,ROTAN ISD,1823811,1290619,1243252,1699876,110462,6168020,271,6057558,22352.61
77901,FLOYDADA COLLEGIATE ISD,4578091,3585332,2753300,3730472,0,14647195,681,14647195,21508.36
77902,LOCKNEY ISD,3048369,2297457,696715,2242458,0,8284999,404,8284999,20507.42
78901,CROWELL ISD,1389199,925171,2269649,1222086,89648,5895753,196,5806105,29622.98
79901,LAMAR CISD,263417935,133131522,632456852,149067294,0,1178073603,44512,1178073603,26466.43
79906,NEEDVILLE ISD,22488881,10375790,28812770,11384176,0,73061617,3598,73061617,20306.17
79907,FORT BEND ISD,485666624,285125637,216896549,187281575,0,1174970385,80206,1174970385,14649.41
79910,STAFFORD MSD,22450249,12079467,9343500,11235072,0,55108288,3479,55108288,15840.27
80901,MOUNT VERNON ISD,9734084,5533575,22999833,5583727,0,43851219,1563,43851219,28055.8
81902,FAIRFIELD ISD,11094824,6876195,4133718,8904119,194147,31203003,1670,31008856,18568.18
81904,TEAGUE ISD,7497951,5169634,2162659,4640663,0,19470907,1251,19470907,15564.27
81905,WORTHAM ISD,3193061,1580116,1299655,1734450,0,7807282,537,7807282,14538.7
81906,DEW ISD,1421446,758779,22234,636834,103690,2942983,181,2839293,15686.7
82902,DILLEY ISD,7202603,4169414,9191473,4826977,1052510,26442977,868,25390467,29251.69
82903,PEARSALL ISD,11642187,8153496,4089454,9440604,0,33325741,2023,33325741,16473.43
83901,SEAGRAVES ISD,3975646,2650536,975774,2694206,0,10296162,512,10296162,20109.69
83902,LOOP ISD,1432706,936934,18700,1867834,1,4256175,143,4256174,29763.45
83903,SEMINOLE ISD,23393759,12279950,17747995,13475544,4382093,71279341,2986,66897248,22403.63
84901,DICKINSON ISD,85544745,41485213,43305342,35525160,0,205860460,12592,205860460,16348.51
84902,GALVESTON ISD,42600245,29415198,88333936,21448336,27654038,209451753,6446,181797715,28203.18
84903,HIGH ISLAND ISD,1174496,952285,1779684,1922405,0,5828870,159,5828870,36659.56
84906,TEXAS CITY ISD,57450301,38573054,57916332,40211602,784222,194935511,7874,194151289,24657.26
84908,HITCHCOCK ISD,13376979,8565344,37228301,9974529,0,69145153,1899,69145153,36411.35
84909,SANTA FE ISD,25533003,19112059,6345000,12500626,0,63490688,4397,63490688,14439.55
84910,CLEAR CREEK ISD,248542766,119098997,131424920,97459635,0,596526318,40132,596526318,14864.11
84911,FRIENDSWOOD ISD,33623935,20375124,38294146,18302001,0,110595206,6210,110595206,17809.21
85902,POST ISD,4019043,3417651,2576026,2848697,0,12861417,705,12861417,18243.14
85903,SOUTHLAND ISD,948470,887986,13482,1378570,0,3228508,127,3228508,25421.32
86024,DOSS CONSOLIDATED CSD,242774,221024,89798,506218,0,1059814,21,1059814,50467.33
86901,FREDERICKSBURG ISD,18891334,13475063,53010857,10665159,15993118,112035531,3005,96042413,31960.87
86902,HARPER ISD,3649653,2549422,61672,1989023,0,8249770,612,8249770,13480.02
87901,GLASSCOCK COUNTY ISD,3739736,2390095,10250765,3001868,0,19382464,292,19382464,66378.3
88902,GOLIAD ISD,7666571,5771624,9244384,5838972,0,28521551,1280,28521551,22282.46
89901,GONZALES ISD,15978370,11668738,6891196,10109041,0,44647345,2541,44647345,17570.78
89903,NIXON-SMILEY CISD,9030333,4475993,11210081,4293291,335285,29344983,1011,29009698,28694.06
89905,WAELDER ISD,2386029,1318918,2341145,1424577,0,7470669,297,7470669,25153.77
90902,LEFORS ISD,1578775,668947,505448,1358375,0,4111545,188,4111545,21869.92
90903,MCLEAN ISD,1619218,762074,647970,1216293,0,4245555,189,4245555,22463.25
90904,PAMPA ISD,16620419,11225263,4853302,9722121,0,42421105,3326,42421105,12754.39
90905,GRANDVIEW-HOPKINS ISD,622632,260271,50533,604028,47470,1584934,50,1537464,30749.28
91901,BELLS ISD,6359480,3193539,7463148,3073270,0,20089437,986,20089437,20374.68
91902,COLLINSVILLE ISD,3647712,2384343,1578667,2091065,0,9701787,574,9701787,16902.07
91903,DENISON ISD,30052351,18739944,26518109,16294441,0,91604845,4940,91604845,18543.49
91905,HOWE ISD,8124401,4478528,2361676,4066226,0,19030831,1282,19030831,14844.64
91906,SHERMAN ISD,58036803,32831692,44650466,25458672,0,160977633,7843,160977633,20525.01
91907,TIOGA ISD,3911142,2125870,2186299,1916700,5000,10145011,688,10140011,14738.39
91908,VAN ALSTYNE ISD,12942135,6943811,46057210,6579626,0,72522782,2419,72522782,29980.48
91909,WHITESBORO ISD,10347411,5711049,2465979,5359771,0,23884210,1773,23884210,13471.07
91910,WHITEWRIGHT ISD,5015013,2850112,3231823,3255333,0,14352281,794,14352281,18075.92
91913,POTTSBORO ISD,8540110,4429684,37921853,4106382,0,54998029,1441,54998029,38166.57
91914,S AND S CISD,6562186,3741565,1984347,3024538,0,15312636,955,15312636,16034.17
91917,GUNTER ISD,11728356,7379683,41514532,5676982,0,66299553,1140,66299553,58157.5
91918,TOM BEAN ISD,4320082,2660311,2483056,2272270,0,11735719,654,11735719,17944.52
92901,GLADEWATER ISD,10626756,7505638,1025028,6018783,0,25176205,1708,25176205,14740.17
92902,KILGORE ISD,21746483,12459300,27806822,13313796,0,75326401,3725,75326401,20221.85
92903,LONGVIEW ISD,57432065,32361030,34343023,33247560,0,157383678,8104,157383678,19420.49
92904,PINE TREE ISD,26015587,16731084,9609270,18143551,0,70499492,4434,70499492,15899.75
92906,SABINE ISD,9314537,5609825,1998947,5736428,0,22659737,1580,22659737,14341.61
92907,SPRING HILL ISD,11270265,6114010,2867141,8817877,0,29069293,1987,29069293,14629.74
92908,WHITE OAK ISD,8982245,4922671,2337841,4212778,0,20455535,1415,20455535,14456.21
93901,ANDERSON-SHIRO CISD,6288740,3366072,3214258,3161513,0,16030583,966,16030583,16594.81
93903,IOLA ISD,4251705,2063183,603850,3262287,0,10181025,610,10181025,16690.2
93904,NAVASOTA ISD,17998306,10126460,9942968,13988353,0,52056087,3030,52056087,17180.23
93905,RICHARDS ISD,1455419,731815,2080827,852463,0,5120524,235,5120524,21789.46
94901,SEGUIN ISD,43223242,31072759,49820526,24697490,0,148814017,7314,148814017,20346.46
94902,Schertz-Cibolo-Universal City ISD,83723365,46144356,46867307,45423310,0,222158338,15146,222158338,14667.79
94903,NAVARRO ISD,14935365,6850573,47239241,9591009,0,78616188,2438,78616188,32246.18
94904,MARION ISD,9570046,4350838,16988455,5848024,0,36757363,1570,36757363,23412.33
95901,ABERNATHY ISD,5638370,3082672,2577006,3896562,0,15194610,812,15194610,18712.57
95902,COTTON CENTER ISD,1066468,663475,4,1117184,0,2847131,105,2847131,27115.53
95903,HALE CENTER ISD,3671400,2310073,1877248,3246089,0,11104810,586,11104810,18950.19
95904,PETERSBURG ISD,2349829,1293792,2547665,1415161,0,7606447,274,7606447,27760.76
95905,PLAINVIEW ISD,25509022,17336125,7873385,18485716,0,69204248,4277,69204248,16180.56
96904,MEMPHIS ISD,4171995,2488095,2750752,2042950,0,11453792,400,11453792,28634.48
96905,TURKEY-QUITAQUE ISD,1397580,730360,185572,1159724,0,3473236,191,3473236,18184.48
97902,HAMILTON ISD,6433285,2613305,133187,3764080,0,12943857,855,12943857,15139.01
97903,HICO ISD,4226203,1970279,2543921,2879892,0,11620295,643,11620295,18072
98901,GRUVER ISD,3727999,1688735,3719591,2172916,0,11309241,433,11309241,26118.34
98903,PRINGLE-MORSE CISD,1004872,718979,226950,1207993,27649,3186443,119,3158794,26544.49
98904,SPEARMAN ISD,5067806,3305894,1306850,2565678,0,12246228,724,12246228,16914.68
99902,CHILLICOTHE ISD,1730648,1087847,1118386,1480186,0,5417067,196,5417067,27638.1
99903,QUANAH ISD,4691521,2976180,367526,2541478,0,10576705,469,10576705,22551.61
100903,KOUNTZE ISD,6975438,5669455,1013689,6639431,0,20298013,1143,20298013,17758.54
100904,SILSBEE ISD,16386527,9441150,3424066,11423403,0,40675146,2654,40675146,15325.98
100905,HARDIN-JEFFERSON ISD,13469478,8108736,8435307,9002289,0,39015810,2754,39015810,14166.96
100907,LUMBERTON ISD,20549325,11354811,14044680,11406514,0,57355330,4197,57355330,13665.79
100908,WEST HARDIN COUNTY CISD,3973858,2818100,1256056,3041333,0,11089347,541,11089347,20497.87
101902,ALDINE ISD,387853622,264696539,161430389,209363150,0,1023343700,57844,1023343700,17691.44
101903,ALIEF ISD,303322501,172280898,108156881,99320510,0,683080790,39474,683080790,17304.57
101905,CHANNELVIEW ISD,70003383,37008306,41657412,32532525,0,181201626,9434,181201626,19207.3
101906,CROSBY ISD,38811180,19665501,16081208,15376315,0,89934204,6868,89934204,13094.67
101907,CYPRESS-FAIRBANKS ISD,769278841,360813322,546910830,264692860,0,1941695853,118470,1941695853,16389.77
101908,DEER PARK ISD,90941105,45011457,74981679,48560248,4997346,264491835,12122,259494489,21406.9
101910,GALENA PARK ISD,147012595,96346060,68047029,65328991,0,376734675,21105,376734675,17850.49
101911,GOOSE CREEK CISD,158486827,92078474,81823382,66940673,0,399329356,24108,399329356,16564.18
101912,HOUSTON ISD,1247540762,777100896,547006147,770410194,0,3342057999,184109,3342057999,18152.61
101913,HUMBLE ISD,313442129,169768615,225283851,107420593,0,815915188,48552,815915188,16804.98
101914,KATY ISD,664668681,293793246,442522861,187087754,0,1588072542,94785,1588072542,16754.47
101915,KLEIN ISD,347151961,193372484,268822762,159399397,0,968746604,53093,968746604,18246.22
101916,LA PORTE ISD,45843249,30422720,92580944,28633237,25444839,222924989,7115,197480150,27755.47
101917,PASADENA ISD,363819341,194968663,153547115,125613065,0,837948184,47486,837948184,17646.22
101919,SPRING ISD,211077624,141410727,121054501,113292229,0,586835081,33935,586835081,17292.92
101920,SPRING BRANCH ISD,212579817,124512344,243413960,100493479,1197012,682196612,33407,680999600,20384.94
101921,TOMBALL ISD,131797875,61845357,186003313,62905901,0,442552446,22273,442552446,19869.46
101924,SHELDON ISD,76952759,35859951,69087054,33203060,0,215102824,11028,215102824,19505.15
101925,HUFFMAN ISD,21702469,14252400,8020960,14324415,0,58300244,3679,58300244,15846.76
102901,KARNACK ISD,1089742,1077143,89910,1366032,279062,3901889,125,3622827,28982.62
102902,MARSHALL ISD,25179451,16695008,21601327,16470001,0,79945787,4965,79945787,16101.87
102903,WASKOM ISD,5694588,3854444,1290589,3603156,0,14442777,817,14442777,17677.82
102904,HALLSVILLE ISD,33469582,19207398,10160137,197234321,0,260071438,21299,260071438,12210.5
102905,HARLETON ISD,4631795,2690371,436577,3464752,0,11223495,723,11223495,15523.51
102906,ELYSIAN FIELDS ISD,5403430,3744010,2604577,5513410,6897293,24162720,797,17265427,21663.02
103901,CHANNING ISD,891827,506293,21788,925484,0,2345392,128,2345392,18323.38
103902,HARTLEY ISD,1672365,899627,427209,1210985,0,4210186,243,4210186,17325.87
104901,HASKELL CISD,4372361,2360245,4099508,2592400,0,13424514,534,13424514,25139.54
104903,RULE ISD,1232933,758935,49013,1023077,0,3063958,130,3063958,23568.91
104907,PAINT CREEK ISD,1176298,723416,3231154,1080657,0,6211525,104,6211525,59726.2
105902,SAN MARCOS CISD,54228052,33897871,46806771,21393468,0,156326162,8311,156326162,18809.55
105904,DRIPPING SPRINGS ISD,48502658,28958446,60105916,20859945,8823666,167250631,8538,158426965,18555.51
105905,WIMBERLEY ISD,15376680,8974099,13283473,6895604,1109974,45639830,2700,44529856,16492.54
105906,HAYS CISD,143324388,85024142,246778440,49753176,0,524880146,23313,524880146,22514.48
106901,CANADIAN ISD,6149800,3712711,4224218,7378064,350831,21815624,795,21464793,26999.74
107901,ATHENS ISD,19533199,9211743,10115450,12195340,0,51055732,3008,51055732,16973.32
107902,BROWNSBORO ISD,15013135,9010701,15076990,7458243,0,46559069,2592,46559069,17962.6
107904,CROSS ROADS ISD,3738610,2256555,474165,2808880,0,9278210,562,9278210,16509.27
107905,EUSTACE ISD,11444167,6102075,3021396,5613074,0,26180712,1711,26180712,15301.41
107906,MALAKOFF ISD,9816866,6424892,42126589,5945834,3492981,67807162,1441,64314181,44631.63
107907,TRINIDAD ISD,1469760,588296,125999,1058596,0,3242651,156,3242651,20786.22
107908,MURCHISON ISD,1430058,738435,209701,1152779,0,3530973,170,3530973,20770.43
107910,LAPOYNOR ISD,3697914,2024828,532954,2360795,0,8616491,493,8616491,17477.67
108902,DONNA ISD,96728635,66906998,22994569,47963826,0,234594028,13131,234594028,17865.66
108903,EDCOUCH-ELSA ISD,25763357,20632354,4721860,19582894,0,70700465,4398,70700465,16075.59
108904,EDINBURG CISD,235445194,132757307,64300503,87082126,0,519585130,33810,519585130,15367.79
108905,HIDALGO ISD,18427101,15807938,7877722,13476705,0,55589466,3019,55589466,18413.21
108906,MCALLEN ISD,137925891,90268703,45278010,62990546,0,336463150,20095,336463150,16743.63
108907,MERCEDES ISD,30016317,22658323,5924355,16543771,0,75142766,4393,75142766,17105.11
108908,MISSION CISD,106751842,68498798,24138670,46853262,0,246242572,14068,246242572,17503.74
108909,PHARR-SAN JUAN-ALAMO ISD,239092195,156167095,34112201,92012090,0,521383581,30008,521383581,17374.82
108910,PROGRESO ISD,9053097,7869718,6646863,7335383,0,30905061,1405,30905061,21996.48
108911,SHARYLAND ISD,55640583,37276358,17354176,28025614,0,138296731,9742,138296731,14195.93
108912,LA JOYA ISD,160154069,111861772,47364888,74541732,0,393922461,23998,393922461,16414.8
108913,WESLACO ISD,105575173,69847509,11434933,39857306,0,226714921,16430,226714921,13798.84
108914,LA VILLA ISD,4601383,3820610,982451,3999154,0,13403598,538,13403598,24913.75
108915,MONTE ALTO ISD,5185692,3639784,2831481,4430287,0,16087244,820,16087244,19618.59
108916,VALLEY VIEW ISD (Hidalgo),23928852,16188773,4380621,16868327,0,61366573,3515,61366573,17458.48
109901,ABBOTT ISD,1927983,852130,11777773,1607174,0,16165060,284,16165060,56919.23
109902,BYNUM ISD,1250692,904195,179388,1044192,0,3378467,184,3378467,18361.23
109903,COVINGTON ISD,3965996,3039098,831853,2048309,0,9885256,334,9885256,29596.57
109904,HILLSBORO ISD,13615350,6630528,6546132,8645346,0,35437356,1929,35437356,18370.84
109905,HUBBARD ISD (Hill),3212600,1862850,1511059,1878661,0,8465170,430,8465170,19686.44
109907,ITASCA ISD,4199047,2273688,2702186,3284068,0,12458989,656,12458989,18992.36
109908,MALONE ISD,1001623,633179,97433,728967,0,2461202,91,2461202,27046.18
109910,MOUNT CALM ISD,1651961,963616,5880672,1158646,0,9654895,159,9654895,60722.61
109911,WHITNEY ISD,9057950,5387374,2497446,5970758,0,22913528,1475,22913528,15534.6
109912,AQUILLA ISD,2261757,1445745,498649,3075814,0,7281965,321,7281965,22685.25
109913,BLUM ISD,2429853,1431354,636271,1643844,0,6141322,331,6141322,18553.84
109914,PENELOPE ISD,1415134,926460,445361,1371827,0,4158782,212,4158782,19616.9
110901,ANTON ISD,1132649,795401,118741,1305974,0,3352765,170,3352765,19722.15
110902,LEVELLAND ISD,18737204,9991738,6489263,11019990,0,46238195,2617,46238195,17668.4
110905,ROPES ISD,3667769,2230748,866230,2388307,0,9153054,576,9153054,15890.72
110906,SMYER ISD,3021510,1475455,21083,2626914,0,7144962,434,7144962,16463.05
110907,SUNDOWN ISD,4705635,2345468,1755616,2666652,3113624,14586995,551,11473371,20822.81
110908,WHITHARRAL ISD,1392232,678771,295921,1188722,0,3555646,213,3555646,16693.17
111901,GRANBURY ISD,52369599,27068139,13798297,19180427,3439134,115855596,7933,112416462,14170.74
111902,LIPAN ISD,3582024,1662157,1683297,2485646,0,9413124,447,9413124,21058.44
111903,TOLAR ISD,5092347,2543114,3164975,3174954,0,13975390,908,13975390,15391.4
112901,SULPHUR SPRINGS ISD,27710471,13937615,5513524,14330329,0,61491939,4364,61491939,14090.73
112905,CUMBY COLLEGIATE ISD,3230398,1842118,3400403,2338247,0,10811166,450,10811166,24024.81
112906,NORTH HOPKINS ISD,3751313,1918265,367172,3007319,0,9044069,505,9044069,17909.05
112907,MILLER GROVE ISD,2218626,941487,376488,1585254,0,5121855,323,5121855,15857.14
112908,COMO-PICKTON CISD,5809028,2676534,1434145,3463663,0,13383370,756,13383370,17702.87
112909,SALTILLO ISD,2355065,1220540,263794,1955423,0,5794822,253,5794822,22904.43
112910,SULPHUR BLUFF ISD,1588762,1070143,460785,1274932,0,4394622,228,4394622,19274.66
113901,CROCKETT ISD,8012859,5775525,3492856,6533852,0,23815092,1183,23815092,20131.1
113902,GRAPELAND ISD,4559589,2832845,1518202,2872638,0,11783274,598,11783274,19704.47
113903,LOVELADY ISD,3786789,2035963,794025,2000255,0,8617032,536,8617032,16076.55
113905,LATEXO ISD,3336874,1942486,831366,2301241,0,8411967,497,8411967,16925.49
113906,KENNARD ISD,1629439,1190569,0,1302583,0,4122591,267,4122591,15440.42
114901,BIG SPRING ISD,20134514,13343478,6042874,12652373,17636,52190875,3451,52173239,15118.3
114902,COAHOMA ISD,7501028,4200535,8322420,4484804,0,24508787,1096,24508787,22362.03
114904,FORSAN ISD,4721251,2249407,1564550,2342457,0,10877665,751,10877665,14484.24
115901,FT HANCOCK ISD,2740640,1874983,361476,2332924,0,7310023,388,7310023,18840.27
115902,SIERRA BLANCA ISD,1207411,533675,3273846,809487,0,5824419,99,5824419,58832.52
115903,DELL CITY ISD,880393,466471,12824,1153115,0,2512803,72,2512803,34900.04
116901,CADDO MILLS ISD,19169485,10413766,28788162,5893457,0,64264870,2836,64264870,22660.39
116902,CELESTE ISD,3800586,2039021,585607,2082969,0,8508183,524,8508183,16236.99
116903,COMMERCE ISD,12375210,7713968,37599816,7045513,0,64734507,1559,64734507,41523.1
116905,GREENVILLE ISD,33346227,22606490,11294037,17874019,0,85120773,5418,85120773,15710.74
116906,LONE OAK ISD,7435837,3804709,21787614,3946508,0,36974668,1146,36974668,32264.11
116908,QUINLAN ISD,18554536,11646108,3978553,9954381,0,44133578,2889,44133578,15276.42
116909,WOLFE CITY ISD,5020363,2441667,627627,3378999,0,11468656,720,11468656,15928.69
116910,CAMPBELL ISD,2292110,1291079,339515,1361698,0,5284402,287,5284402,18412.55
116915,BLAND ISD,5050671,2924948,1181470,3367078,0,12524167,794,12524167,15773.51
116916,BOLES ISD,4815335,2219854,608195,2495215,0,10138599,552,10138599,18367.03
117901,BORGER ISD,14624165,8086787,4101304,6850372,0,33662628,2372,33662628,14191.66
117903,SANFORD-FRITCH ISD,4698239,2617626,566062,2855028,0,10736955,721,10736955,14891.75
117904,PLEMONS-STINNETT-PHILLIPS CISD,4157028,2051972,6081503,3592361,4287662,20170526,564,15882864,28161.11
118902,IRION COUNTY ISD,3271094,1793430,5265871,1795719,11940503,24066617,337,12126114,35982.53
119901,BRYSON ISD,1594427,997053,1124051,1652672,0,5368203,251,5368203,21387.26
119902,JACKSBORO ISD,7066123,3924707,12263515,5914673,0,29169018,1082,29169018,26958.43
119903,PERRIN-WHITT CISD,2401670,1240072,851228,1326376,0,5819346,322,5819346,18072.5
120901,EDNA ISD,10264347,4890769,4098900,6363056,0,25617072,1576,25617072,16254.49
120902,GANADO ISD,3797186,2352402,3673492,3377870,0,13200950,696,13200950,18966.88
120905,INDUSTRIAL ISD,7301719,4202319,2324643,4035441,0,17864122,1170,17864122,15268.48
121902,BROOKELAND ISD,3039694,1435081,37226,1958233,0,6470234,371,6470234,17439.98
121903,BUNA ISD,9761646,6651312,4255916,6285409,0,26954283,1460,26954283,18461.84
121904,JASPER ISD,13320212,9358709,5579601,8908472,0,37166994,2194,37166994,16940.29
121905,KIRBYVILLE CISD,8622200,4553404,2351324,5073211,0,20600139,1458,20600139,14129.04
121906,EVADALE ISD,2756999,1955916,706233,2314995,10614,7744757,384,7734143,20141
122901,FT DAVIS ISD,2205798,1179358,40985,1046805,0,4472946,263,4472946,17007.4
122902,VALENTINE ISD,699083,415610,0,705251,0,1819944,24,1819944,75831
123905,NEDERLAND ISD,30511653,15942334,39588518,14870776,0,100913281,5279,100913281,19115.98
123907,PORT ARTHUR ISD,48236202,34562649,55032741,35937447,685008,174454047,8155,173769039,21308.28
123908,PORT NECHES-GROVES ISD,30856788,16771091,20793077,15241740,0,83662696,5364,83662696,15597.07
123910,BEAUMONT ISD,85928496,63298959,40014325,95578158,0,284819938,16803,284819938,16950.54
123913,SABINE PASS ISD,3059576,2707882,21679987,3974507,3241190,34663142,358,31421952,87770.82
123914,HAMSHIRE-FANNETT ISD,10047886,5685656,11486561,8135832,0,35355935,2048,35355935,17263.64
124901,JIM HOGG COUNTY ISD,8696550,4805379,1714814,5697529,0,20914272,1000,20914272,20914.27
125901,ALICE ISD,27512064,17568537,5365474,15656456,0,66102531,4486,66102531,14735.29
125902,BEN BOLT-PALITO BLANCO ISD,3759570,1784130,552520,3235841,0,9332061,455,9332061,20510.02
125903,ORANGE GROVE ISD,10389291,5308765,1558234,6031330,0,23287620,1707,23287620,13642.43
125905,PREMONT ISD,5917532,2113401,1212822,5380832,0,14624587,782,14624587,18701.52
125906,LA GLORIA ISD,763802,507976,0,545751,0,1817529,114,1817529,15943.24
126901,ALVARADO ISD,23291763,10328661,42593688,12200259,0,88414371,3782,88414371,23377.68
126902,BURLESON ISD,73091756,42246766,35225605,33435330,0,183999457,12718,183999457,14467.64
126903,CLEBURNE ISD,49884763,26791793,22268265,18791446,0,117736267,7082,117736267,16624.72
126904,GRANDVIEW ISD,9480481,3257255,1883555,5698472,0,20319763,1428,20319763,14229.53
126905,JOSHUA ISD,38205327,21164064,6861395,16919996,0,83150782,6020,83150782,13812.42
126906,KEENE ISD,7943742,3457403,1659817,4478693,0,17539655,1097,17539655,15988.75
126907,RIO VISTA ISD,5146772,3629770,7667073,3976019,0,20419634,967,20419634,21116.48
126908,VENUS ISD,14551050,8622394,2399325,9672353,0,35245122,2308,35245122,15270.85
126911,GODLEY ISD,20626573,15248162,59170393,7763991,0,102809119,3002,102809119,34246.88
127901,ANSON ISD,5297004,2863757,773485,3012803,0,11947049,733,11947049,16298.84
127903,HAMLIN COLLEGIATE ISD,2669063,1826370,425490,3294549,0,8215472,399,8215472,20590.16
127904,HAWLEY ISD,6596700,3612075,1010650,6047244,0,17266669,834,17266669,20703.44
127905,LUEDERS-AVOCA ISD,1163166,552507,90797,868250,0,2674720,104,2674720,25718.46
127906,STAMFORD ISD,4786257,3961429,763620,3562916,0,13074222,583,13074222,22425.77
128901,KARNES CITY ISD,10252554,7008028,25908478,8151958,35699660,87020678,1031,51321018,49777.9
128902,KENEDY ISD,6443233,3734014,3095167,2693273,673865,16639552,770,15965687,20734.66
128903,RUNGE ISD,1448437,1163541,3941668,1767041,2311603,10632290,196,8320687,42452.48
128904,FALLS CITY ISD,3178811,1638269,2905092,2607008,2792504,13121684,436,10329180,23690.78
129901,CRANDALL ISD,34131434,22285569,38175612,21273644,0,115866259,6443,115866259,17983.28
129902,FORNEY ISD,99754516,64613588,357485909,36388863,0,558242876,17002,558242876,32833.95
129903,KAUFMAN ISD,26114528,11990398,7965800,16031368,0,62102094,4378,62102094,14185.04
129904,KEMP ISD,12384438,7730994,5949535,5962733,0,32027700,1967,32027700,16282.51
129905,MABANK ISD,22614357,12150974,5432411,14629329,0,54827071,4066,54827071,13484.28
129906,TERRELL ISD,28549109,18924175,12486572,20570380,0,80530236,5255,80530236,15324.5
129910,SCURRY-ROSSER ISD,7238694,4950574,837755,4214303,0,17241326,1046,17241326,16483.1
130901,BOERNE ISD,57819260,33233579,105675941,24982102,0,221710882,10910,221710882,20321.8
130902,COMFORT ISD,6828172,3477816,4088744,4681795,0,19076527,1090,19076527,17501.4
131001,KENEDY COUNTY WIDE CSD,1010576,714156,831287,957997,7146777,10660793,130,3514016,27030.89
132902,JAYTON-GIRARD ISD,1678491,1305552,4538196,1571686,1301985,10395910,177,9093925,51378.11
133901,CENTER POINT ISD,4111711,3011976,2758603,2498775,0,12381065,534,12381065,23185.51
133902,HUNT ISD,1904570,869813,1442533,881925,1722116,6820957,200,5098841,25494.21
133903,KERRVILLE ISD,28177764,14460989,9508237,14057107,0,66204097,4689,66204097,14119.02
133904,INGRAM ISD,8663583,4875152,10452236,5140203,0,29131174,1300,29131174,22408.6
133905,DIVIDE ISD,236241,147036,2940,384777,0,770994,35,770994,22028.4
134901,JUNCTION ISD,3941089,2637444,65977,2526293,0,9170803,589,9170803,15570.12
135001,GUTHRIE CSD,1354914,886155,880030,1484468,15177,4620744,98,4605567,46995.58
136901,BRACKETT ISD,4025399,2741507,125196,2794877,0,9686979,532,9686979,18208.61
137901,KINGSVILLE ISD,16733524,12179534,6618116,10120734,0,45651908,2603,45651908,17538.19
137902,RICARDO ISD,4239327,2336966,309366,2486846,0,9372505,657,9372505,14265.61
137903,RIVIERA ISD,3127545,2178093,0,2587715,0,7893353,477,7893353,16547.91
137904,SANTA GERTRUDIS ISD,4548454,2657734,200060,5667285,0,13073533,809,13073533,16160.11
138902,KNOX CITY-O'BRIEN CISD,1881928,1146304,0,1694237,0,4722469,200,4722469,23612.35
138903,MUNDAY CISD,3210128,1617740,3815051,2029015,0,10671934,411,10671934,25965.78
138904,BENJAMIN ISD,1324805,803916,7694935,1462481,0,11286137,104,11286137,108520.55
139905,CHISUM ISD,8327223,4275199,8230581,3899620,0,24732623,1195,24732623,20696.76
139909,PARIS ISD,27248476,14201207,9237267,12005698,0,62692648,3868,62692648,16208.03
139911,NORTH LAMAR ISD,15334608,8759483,22337034,7954832,0,54385957,2372,54385957,22928.31
139912,PRAIRILAND ISD,7115265,3563842,12957264,4237403,0,27873774,1119,27873774,24909.54
140901,AMHERST ISD,1208162,632918,520662,681398,0,3043140,114,3043140,26694.21
140904,LITTLEFIELD ISD,7999690,5707408,22260272,4969787,0,40937157,1198,40937157,34171.25
140905,OLTON ISD,3901614,2301395,0,3163965,0,9366974,619,9366974,15132.43
140907,SPRINGLAKE-EARTH ISD,2220883,1344173,1,2095666,0,5660723,265,5660723,21361.22
140908,SUDAN ISD,3583642,2450167,1094839,2278683,0,9407331,466,9407331,20187.41
141901,LAMPASAS ISD,21195419,15336239,3241102,12888891,0,52661651,3560,52661651,14792.6
141902,LOMETA ISD,2661974,1109187,1415245,1622766,0,6809172,320,6809172,21278.66
142901,COTULLA ISD,12580936,8208899,14496976,6869610,39296512,81452933,1143,42156421,36882.26
143901,HALLETTSVILLE ISD,7171502,4603927,5335522,5336722,0,22447673,1168,22447673,19218.9
143902,MOULTON ISD,2235549,1559641,2061479,1668245,2824177,10349091,293,7524914,25682.3
143903,SHINER ISD,4162626,2005484,2369213,2060199,937187,11534709,717,10597522,14780.37
143904,VYSEHRAD ISD,791461,328216,7760,462420,0,1589857,88,1589857,18066.56
143905,SWEET HOME ISD,881400,329091,13050,556866,0,1780407,148,1780407,12029.78
143906,EZZELL ISD,824722,381765,801312,568666,0,2576465,130,2576465,19818.96
144901,GIDDINGS ISD,11077887,5359213,3995554,6142221,0,26574875,1893,26574875,14038.5
144902,LEXINGTON ISD,6833423,3670797,1296647,4589113,0,16389980,1066,16389980,15375.22
144903,DIME BOX ISD,1463911,800696,458238,967439,17461,3707745,150,3690284,24601.89
145901,BUFFALO ISD,6848192,4189136,1722235,4321743,0,17081306,1027,17081306,16632.24
145902,CENTERVILLE ISD (Leon),4804507,3095747,7663191,3482095,0,19045540,668,19045540,28511.29
145906,NORMANGEE ISD,4770604,2437645,5908193,2321758,0,15438200,649,15438200,23787.67
145907,OAKWOOD ISD,1787081,1181180,893590,1463210,0,5325061,221,5325061,24095.3
145911,LEON ISD,5020523,3143723,4816682,3032175,18564,16031667,751,16013103,21322.37
146901,CLEVELAND ISD,75541515,49722108,29028915,29158935,0,183451473,11970,183451473,15325.94
146902,DAYTON ISD,30622255,19754584,11397140,18279711,0,80053690,5787,80053690,13833.37
146903,DEVERS ISD,1253241,784762,0,693956,0,2731959,185,2731959,14767.35
146904,HARDIN ISD,6382329,4299493,1509571,5098962,0,17290355,1239,17290355,13955.09
146905,HULL-DAISETTA ISD,3183620,1972500,291291,2497774,0,7945185,416,7945185,19099
146906,LIBERTY ISD,12796437,9279530,8519196,9134445,0,39729608,2424,39729608,16390.1
146907,TARKINGTON ISD,9754751,6289326,3125532,7437116,0,26606725,1928,26606725,13800.17
147901,COOLIDGE ISD,2159636,1158939,5701993,1579693,0,10600261,295,10600261,35933.09
147902,GROESBECK ISD,8773348,6126546,3674987,5047192,0,23622073,1543,23622073,15309.19
147903,MEXIA ISD,13068349,8544418,3770540,6899473,0,32282780,1832,32282780,17621.6
148901,BOOKER ISD,2671103,1776740,2495562,2214669,0,9158074,332,9158074,27584.56
148902,FOLLETT ISD,1236271,735992,245799,1028192,0,3246254,173,3246254,18764.47
148905,DARROUZETT ISD,1097061,689924,411817,1267613,0,3466415,104,3466415,33330.91
149901,GEORGE WEST ISD,7048629,3825519,1890950,3908024,0,16673122,1059,16673122,15744.21
149902,THREE RIVERS ISD,5320881,2105901,5856791,4845592,15035143,33164308,590,18129165,30727.4
150901,LLANO ISD,13015776,8713115,18404140,7690596,20571105,68394732,1942,47823627,24625.97
152901,LUBBOCK ISD,165753827,78865020,38020972,95576091,0,378215910,24329,378215910,15545.89
152902,NEW DEAL ISD,4894418,2773841,16415627,3278611,0,27362497,765,27362497,35767.97
152903,SLATON ISD,10291528,7589503,1303979,5483269,0,24668279,1247,24668279,19782.1
152906,LUBBOCK-COOPER ISD,45911624,27496696,100856063,19528262,0,193792645,7855,193792645,24671.25
152907,FRENSHIP ISD,56735038,32044061,145997842,34926278,0,269703219,11581,269703219,23288.42
152908,ROOSEVELT ISD,7916681,4185870,4384520,4944196,0,21431267,1122,21431267,19100.95
152909,SHALLOWATER ISD,10447646,7114391,36665876,7203075,0,61430988,1739,61430988,35325.47
152910,IDALOU ISD,6128226,2962295,1132340,4072024,0,14294885,976,14294885,14646.4
153903,O'DONNELL ISD,2456304,1747579,931229,1967104,0,7102216,271,7102216,26207.44
153904,TAHOKA ISD,4672571,2650924,1622572,2864683,0,11810750,579,11810750,20398.53
153905,NEW HOME ISD,3369212,1712973,5854115,2856382,0,13792682,671,13792682,20555.41
153907,WILSON ISD,1233774,945010,3077804,1240189,0,6496777,137,6496777,47421.73
154901,MADISONVILLE CISD,14404029,6866273,1749514,8822020,0,31841836,2392,31841836,13311.8
154903,NORTH ZULCH ISD,2773107,1522999,1069527,1782475,0,7148108,358,7148108,19966.78
155901,JEFFERSON ISD,8267004,5531596,851043,4321643,0,18971286,1106,18971286,17153.06
156902,STANTON ISD,8798514,5056620,8056822,4479329,40385797,66777082,1040,26391285,25376.24
156905,GRADY ISD,2308170,1595975,1451176,2187030,58889468,66431819,250,7542351,30169.4
157901,MASON ISD,4752595,3008160,422535,3363401,0,11546691,705,11546691,16378.29
158901,BAY CITY ISD,20090372,13054787,10645536,14382970,0,58173665,3514,58173665,16554.83
158902,TIDEHAVEN ISD,6957237,3795639,2544348,4850125,1428539,19575888,1029,18147349,17635.91
158904,MATAGORDA ISD,1122817,549823,1483320,699862,0,3855822,113,3855822,34122.32
158905,PALACIOS ISD,9484456,5829508,61786971,10205618,0,87306553,1266,87306553,68962.52
158906,VAN VLECK ISD,7904927,4458058,5790291,9527342,0,27680618,1051,27680618,26337.41
159901,EAGLE PASS ISD,79182044,61575561,12125824,38522606,0,191406035,13869,191406035,13801
160901,BRADY ISD,6685862,4838579,2620558,4116399,0,18261398,971,18261398,18806.8
160904,ROCHELLE ISD,1354900,918609,8070,757704,0,3039283,161,3039283,18877.53
160905,LOHN ISD,1161977,869047,91440,1269565,0,3392029,109,3392029,31119.53
161901,CRAWFORD ISD,3881984,2214625,3789831,2143679,0,12030119,599,12030119,20083.67
161903,MIDWAY ISD (McLennan),46876290,28583666,26532145,24285617,0,126277718,8849,126277718,14270.28
161906,LA VEGA ISD,20010592,12727283,5167731,12283053,0,50188659,3120,50188659,16086.11
161907,LORENA ISD,10553339,6373097,3495744,5932057,0,26354237,1858,26354237,14184.2
161908,MART ISD,4358222,2195749,6594406,2172571,0,15320948,606,15320948,25282.09
161909,MCGREGOR ISD,11318778,5741977,3943354,4675417,0,25679526,1532,25679526,16762.09
161910,MOODY ISD,4875095,3108217,1978902,4151302,0,14113516,727,14113516,19413.36
161912,RIESEL ISD,3682929,2152059,4221138,2676719,0,12732845,652,12732845,19528.9
161914,WACO ISD,92442487,59984173,172506129,52648636,0,377581425,13517,377581425,27933.82
161916,WEST ISD,8421720,5902864,5503983,5819093,0,25647660,1250,25647660,20518.13
161918,AXTELL ISD,6120478,3986539,1065830,3327464,0,14500311,845,14500311,17160.13
161919,BRUCEVILLE-EDDY ISD,4484815,2773521,3359505,2892812,0,13510653,586,13510653,23055.72
161920,CHINA SPRING ISD,16695164,8058808,8475137,10519692,0,43748801,3037,43748801,14405.27
161921,CONNALLY ISD,16104277,8365405,3967410,11825699,0,40262791,2289,40262791,17589.69
161922,ROBINSON ISD,14565912,7931901,3006774,9241347,0,34745934,2413,34745934,14399.48
161923,BOSQUEVILLE ISD,4892328,2401834,6474390,3096603,0,16865155,723,16865155,23326.63
161924,HALLSBURG ISD,1084728,402760,150338,644589,0,2282415,145,2282415,15740.79
161925,GHOLSON ISD,1558066,963469,95776,1301051,0,3918362,270,3918362,14512.45
162904,MCMULLEN COUNTY ISD,3152005,2317318,4728412,2073202,23953794,36224731,271,12270937,45280.21
163901,DEVINE ISD,10384965,6377803,1866188,5760552,0,24389508,1984,24389508,12293.1
163902,D'HANIS ISD,1993133,1145105,394725,1065924,17593,4616480,278,4598887,16542.76
163903,NATALIA ISD,7805007,5610627,984391,5884530,0,20284555,1268,20284555,15997.28
163904,HONDO ISD,10483844,5390038,3460797,6954438,0,26289117,1753,26289117,14996.64
163908,MEDINA VALLEY ISD,48802907,27911837,157874760,22447792,0,257037296,8700,257037296,29544.52
164901,MENARD ISD,1807985,2484290,301796,2115313,0,6709384,287,6709384,23377.64
165901,MIDLAND ISD,152819188,94155217,38298841,147007607,91666346,523947199,28752,432280853,15034.81
165902,GREENWOOD ISD,23069216,12145789,25497906,10793313,17422025,88928249,3257,71506224,21954.63
166901,CAMERON ISD,9889411,5773313,15309973,6064030,0,37036727,1517,37036727,24414.45
166902,GAUSE ISD,1307009,650550,395902,509906,593222,3456589,142,2863367,20164.56
166903,MILANO ISD,3115206,1899437,528034,2107652,0,7650329,411,7650329,18613.94
166904,ROCKDALE ISD,10297886,7110355,16501262,5730351,0,39639854,1516,39639854,26147.66
166905,THORNDALE ISD,4291894,2550436,114046,2090637,0,9047013,598,9047013,15128.78
166907,BUCKHOLTS ISD,1344621,608753,117274,873023,0,2943671,116,2943671,25376.47
167901,GOLDTHWAITE ISD,5368775,2847361,1839809,2569095,0,12625040,533,12625040,23686.75
167902,MULLIN ISD,2935946,1859173,586953,1118223,0,6500295,211,6500295,30807.09
167904,PRIDDY ISD,984957,556915,1311881,1125244,0,3978997,118,3978997,33720.31
168901,COLORADO ISD,6264214,4239749,2526514,6022830,0,19053307,947,19053307,20119.65
168902,LORAINE ISD,1350987,866531,759642,1047497,0,4024657,133,4024657,30260.58
168903,WESTBROOK ISD,1597785,901153,15168,1383330,792,3898228,245,3897436,15907.9
169901,BOWIE ISD,8831395,5141279,2245209,4403451,0,20621334,1567,20621334,13159.75
169902,NOCONA ISD,7064359,3836333,469099,3223689,0,14593480,752,14593480,19406.22
169906,GOLD BURG ISD,1175822,673519,0,1005546,0,2854887,155,2854887,18418.63
169908,MONTAGUE ISD,1163481,529895,121995,874472,0,2689843,158,2689843,17024.32
169909,PRAIRIE VALLEY ISD,1220968,513706,83469,750187,0,2568330,127,2568330,20223.07
169910,FORESTBURG ISD,1427863,562095,31441,1369748,0,3391147,184,3391147,18430.15
169911,SAINT JO ISD,2485624,1104290,1127615,1603306,0,6320835,346,6320835,18268.31
170902,CONROE ISD,435168600,239880571,367232117,127118134,0,1169399422,72352,1169399422,16162.64
170903,MONTGOMERY ISD,54346484,24751857,142259352,33928403,84085,255370181,9794,255286096,26065.56
170904,WILLIS ISD,45656419,26954706,85867720,24136800,0,182615645,8974,182615645,20349.41
170906,MAGNOLIA ISD,83232544,44711217,160552255,39833522,0,328329538,14468,328329538,22693.5
170907,SPLENDORA ISD,31921965,19702691,48251518,13700780,0,113576954,5221,113576954,21753.87
170908,NEW CANEY ISD,120669729,73004914,124957529,47849128,0,366481300,18987,366481300,19301.7
171901,DUMAS ISD,24666559,13404755,28356511,10064040,0,76491865,4301,76491865,17784.67
171902,SUNRAY COLLEGIATE ISD,3639925,2376386,5872610,1797586,0,13686507,636,13686507,21519.67
172902,DAINGERFIELD-LONE STAR ISD,7931596,5572178,2846858,6987043,0,23337675,1022,23337675,22835.3
172905,PEWITT CISD,5907065,3197755,4920527,2889930,0,16915277,842,16915277,20089.4
173901,MOTLEY COUNTY ISD,1417807,1126205,329574,1252530,0,4126116,160,4126116,25788.23
174901,CHIRENO ISD,2693105,1360819,618467,1544029,0,6216420,351,6216420,17710.6
174902,CUSHING ISD,3464213,2099442,959150,3156381,0,9679186,551,9679186,17566.58
174903,GARRISON ISD,4720710,2364021,4561044,2983491,0,14629266,771,14629266,18974.4
174904,NACOGDOCHES ISD,34275603,23892360,20096858,22181176,0,100445997,5863,100445997,17132.18
174906,WODEN ISD,6039260,2631699,1455682,3808550,0,13935191,856,13935191,16279.43
174908,CENTRAL HEIGHTS ISD,8587804,4148041,2430705,3172233,0,18338783,1079,18338783,16996.09
174909,MARTINSVILLE ISD,2768045,1138997,500426,3185024,0,7592492,317,7592492,23951.08
174911,DOUGLASS ISD,2737509,1338386,7093549,1565056,0,12734500,426,12734500,29893.19
175902,BLOOMING GROVE ISD,5774486,3373319,10798437,2507076,0,22453318,956,22453318,23486.73
175903,CORSICANA ISD,35180052,22881340,6676051,21823394,0,86560837,6075,86560837,14248.7
175904,DAWSON ISD,4301918,2440824,1562315,2639952,0,10945009,581,10945009,18838.23
175905,FROST ISD,3398295,2061056,792851,2675428,0,8927630,473,8927630,18874.48
175907,KERENS ISD,4508244,2888699,2411923,2867900,0,12676766,630,12676766,20121.85
175910,MILDRED ISD,5039860,2731045,3819482,3050745,0,14641132,837,14641132,17492.39
175911,RICE ISD,6676100,3737892,1825636,4390600,0,16630228,1071,16630228,15527.76
176901,BURKEVILLE ISD,1708540,1226061,259500,1315893,0,4509994,247,4509994,18259.09
176902,NEWTON ISD,6861314,4803637,17809231,5077752,0,34551934,927,34551934,37272.85
176903,DEWEYVILLE ISD,3766903,2319023,1077660,3713694,0,10877280,538,10877280,20217.99
177901,ROSCOE COLLEGIATE ISD,4630049,2426170,1073150,92266757,0,100396126,8425,100396126,11916.45
177902,SWEETWATER ISD,11678738,8108725,15031010,8462189,0,43280662,1850,43280662,23394.95
177903,BLACKWELL CISD,1737360,1240304,5176728,1634258,2610423,12399073,170,9788650,57580.29
177905,HIGHLAND ISD,1825427,1145784,852266,2610043,437256,6870776,222,6433520,28979.82
178901,AGUA DULCE ISD,2852005,1554868,754057,2245931,0,7406861,391,7406861,18943.38
178902,BISHOP CISD,9532636,6359685,2534806,6576412,0,25003539,1362,25003539,18357.96
178903,CALALLEN ISD,24397944,15012529,12659408,15353602,0,67423483,3877,67423483,17390.63
178904,CORPUS CHRISTI ISD,193735173,125853977,161651067,130604610,0,611844827,33053,611844827,18511.02
178905,DRISCOLL ISD,2390158,1413067,449721,1719153,0,5972099,340,5972099,17565
178906,LONDON ISD,7329708,4392993,35603095,5311362,0,52637158,1726,52637158,30496.62
178908,PORT ARANSAS ISD,4449709,3028773,6731343,4238713,29337649,47786187,527,18448538,35006.71
178909,ROBSTOWN ISD,14940029,11564210,7748194,11030025,0,45282458,2508,45282458,18055.21
178912,TULOSO-MIDWAY ISD,21748713,12003991,16365050,16242948,933150,67293852,3636,66360702,18251.02
178913,BANQUETE ISD,6124079,3650988,2895852,4261402,0,16932321,821,16932321,20624.02
178914,FLOUR BLUFF ISD,30138522,18924212,6505296,17341894,0,72909924,5665,72909924,12870.24
178915,WEST OSO ISD,11782793,7063967,2758506,8293499,0,29898765,1908,29898765,15670.21
179901,PERRYTON ISD,10762322,7252095,5890180,5880773,0,29785370,1922,29785370,15497.07
180901,BOYS RANCH ISD,3454049,1786749,0,1131115,0,6371913,153,6371913,41646.49
180902,VEGA ISD,2665392,1286147,1608300,1900368,0,7460207,351,7460207,21254.15
180903,ADRIAN ISD,1069666,712173,632762,877444,0,3292045,117,3292045,28137.14
180904,WILDORADO ISD,1251540,777464,855368,1360023,0,4244395,215,4244395,19741.37
181901,BRIDGE CITY ISD,14800526,8388386,38689481,11300503,0,73178896,3235,73178896,22620.99
181905,ORANGEFIELD ISD,9293337,6397940,3033138,6110159,0,24834574,1809,24834574,13728.34
181906,WEST ORANGE-COVE CISD,14494102,10915126,4535535,13203839,269193,43417795,2573,43148602,16769.76
181907,VIDOR ISD,23663035,14442431,1549231,16441611,0,56096308,4311,56096308,13012.37
181908,LITTLE CYPRESS-MAURICEVILLE CISD,18273360,12441081,5390507,11457586,0,47562534,3241,47562534,14675.27
182901,GORDON ISD,1475893,1057919,5858441,1275467,0,9667720,233,9667720,41492.36
182902,GRAFORD ISD,2803286,1394295,750206,1524326,7092637,13564750,330,6472113,19612.46
182903,MINERAL WELLS ISD,20943899,10435136,4773229,13437048,0,49589312,3321,49589312,14932.04
182904,SANTO ISD,3786050,2298571,1988034,2459715,40213,10572583,556,10532370,18943.11
182905,STRAWN ISD,1106864,688746,33900,1061214,0,2890724,165,2890724,17519.54
182906,PALO PINTO ISD,761134,418741,243576,597232,4334712,6355395,102,2020683,19810.62
183901,BECKVILLE ISD,4412621,2293867,9276886,2709376,0,18692750,700,18692750,26703.93
183902,CARTHAGE ISD,18850290,10039100,36832347,12273504,9779566,87774807,2598,77995241,30021.26
183904,GARY ISD,3425035,1509701,1422947,2287876,0,8645559,485,8645559,17825.89
184901,POOLVILLE ISD,5011966,2843580,1761974,2335617,0,11953137,749,11953137,15958.79
184902,SPRINGTOWN ISD,26579504,11092089,4320656,13408859,0,55401108,4171,55401108,13282.45
184903,WEATHERFORD ISD,52422279,30744110,26164266,21667771,1057399,132055825,8203,130998426,15969.58
184904,MILLSAP ISD,7156549,3730072,4534400,3703104,0,19124125,1100,19124125,17385.57
184907,ALEDO ISD,46604887,23863545,84530051,38050800,716726,193766009,8161,193049283,23655.1
184908,PEASTER ISD,10760091,6801190,6446678,6350287,0,30358246,1706,30358246,17794.99
184909,BROCK ISD,12595042,6145825,16309064,5651989,0,40701920,2177,40701920,18696.33
184911,GARNER ISD,3098567,1234705,1490913,1579066,0,7403251,365,7403251,20282.88
185901,BOVINA ISD,3594387,1494326,436305,2438991,0,7964009,449,7964009,17737.21
185902,FARWELL ISD,4628845,2077866,753781,2988390,0,10448882,605,10448882,17270.88
185903,FRIONA ISD,6707836,4682321,2085185,4864696,0,18340038,1020,18340038,17980.43
185904,LAZBUDDIE ISD,1249219,579073,214604,833073,0,2875969,129,2875969,22294.33
186901,BUENA VISTA ISD,1668943,1280770,20076030,1654111,11194146,35874000,255,24679854,96783.74
186902,FORT STOCKTON ISD,14109242,10862576,39675954,93320631,0,157968403,8427,157968403,18745.51
186903,IRAAN-SHEFFIELD COLLEGIATE ISD,2391784,2431177,8028882,2504081,4558170,19914094,347,15355924,44253.38
187901,BIG SANDY ISD (Polk),4247086,1989924,11311116,2007270,0,19555396,524,19555396,37319.46
187903,GOODRICH ISD,1789985,1108953,292568,1527606,0,4719112,272,4719112,17349.68
187904,CORRIGAN-CAMDEN ISD,6681187,4767883,12097913,4223817,0,27770800,836,27770800,33218.66
187906,LEGGETT ISD,1336202,894443,267526,1155515,0,3653686,199,3653686,18360.23
187907,LIVINGSTON ISD,26600214,8466728,6032884,17196552,0,58296378,4052,58296378,14387.06
187910,ONALASKA ISD,8148755,4900607,2437385,4618013,0,20104760,1242,20104760,16187.41
188901,AMARILLO ISD,193986262,97166184,32769485,75475001,0,399396932,29729,399396932,13434.59
188902,RIVER ROAD ISD,8324302,5163168,1715567,5094887,0,20297924,1191,20297924,17042.76
188903,HIGHLAND PARK ISD (Dallas),5127516,3621083,8421301,3243781,4504564,24918245,788,20413681,25905.69
188904,BUSHLAND ISD,9356173,4385092,37264678,7899263,126956,59032162,1455,58905206,40484.68
189901,MARFA ISD,1963314,1201760,918391,1421289,1466521,6971275,223,5504754,24685
189902,PRESIDIO ISD,6768088,5590374,3090116,4910886,0,20359464,1038,20359464,19614.13
190903,RAINS ISD,10790014,7470040,1062875,5168047,0,24490976,1738,24490976,14091.47
191901,CANYON ISD,61158012,32079500,27485733,25886928,0,146610173,11378,146610173,12885.41
192901,REAGAN COUNTY ISD,6554596,4460390,34645343,4789566,49580856,100030751,810,50449895,62283.82
193902,LEAKEY ISD,2494851,1613730,481735,1213704,62230,5866250,368,5804020,15771.79
194902,AVERY ISD,2611483,1629374,67364,1649010,0,5957231,320,5957231,18616.35
194903,RIVERCREST ISD,5409178,2265485,1276075,4113642,0,13064380,709,13064380,18426.49
194904,CLARKSVILLE ISD,3619512,2538967,8848697,3664397,0,18671573,529,18671573,35295.98
194905,DETROIT ISD,4965636,3487261,443794,2968267,0,11864958,497,11864958,23873.15
195901,PECOS-BARSTOW-TOYAH ISD,24999913,17328505,189185779,17743762,196977523,446235482,2882,249257959,86487.84
195902,BALMORHEA ISD,1616327,1140443,11817083,1568528,4820316,20962697,145,16142381,111326.77
196901,AUSTWELL-TIVOLI ISD,1409254,763695,1074118,1552380,84034,4883481,139,4799447,34528.4
196902,WOODSBORO ISD,2958543,1943015,8605177,2654029,0,16160764,410,16160764,39416.5
196903,REFUGIO ISD,5123806,4920424,1464247,4165910,0,15674387,685,15674387,22882.32
197902,MIAMI ISD,1360568,1046831,1619507,1139689,916895,6083490,198,5166595,26093.91
198901,BREMOND ISD,3564349,1897248,998615,1682501,0,8142713,504,8142713,16156.18
198902,CALVERT ISD,1495014,825147,865210,1039477,0,4224848,147,4224848,28740.46
198903,FRANKLIN ISD,9550523,6900222,20962086,7493109,1730522,46636462,1387,44905940,32376.31
198905,HEARNE ISD,6748147,4175940,3483301,3208447,0,17615835,764,17615835,23057.38
198906,MUMFORD ISD,3366580,1351059,5621382,1591413,0,11930434,600,11930434,19884.06
199901,ROCKWALL ISD,101826597,55472244,265919952,50065682,0,473284475,18798,473284475,25177.38
199902,ROYSE CITY ISD,54134112,32268266,162805386,25711504,0,274919268,9371,274919268,29337.24
200901,BALLINGER ISD,5513603,3255532,7376356,4241936,0,20387427,799,20387427,25516.18
200902,MILES ISD,3243952,1678851,714729,2139562,0,7777094,508,7777094,15309.24
200904,WINTERS ISD,3724638,2379015,250870,3129279,0,9483802,539,9483802,17595.18
200906,OLFEN ISD,1049307,811740,454797,999288,0,3315132,142,3315132,23346
201902,HENDERSON ISD,19452107,13382240,3780156,14175037,0,50789540,3292,50789540,15428.17
201903,LANEVILLE ISD,1276312,821040,92385,1370171,0,3559908,140,3559908,25427.91
201904,LEVERETTS CHAPEL ISD,1903393,861064,328091,1163787,0,4256335,238,4256335,17883.76
201907,MOUNT ENTERPRISE ISD,3279207,1669272,7834199,2548641,0,15331319,507,15331319,30239.29
201908,OVERTON ISD,3959953,2272934,959842,2484035,0,9676764,534,9676764,18121.28
201910,TATUM ISD,9483916,6215626,1828639,4767584,0,22295765,1383,22295765,16121.31
201913,CARLISLE ISD,4789129,2443759,1123450,2997889,0,11354227,639,11354227,17768.74
201914,WEST RUSK COUNTY CONSOLIDATED ISD,6393639,4570009,1082126,3715282,0,15761056,1013,15761056,15558.79
202903,HEMPHILL ISD,5978105,3363853,1173321,3397017,0,13912296,764,13912296,18209.81
202905,WEST SABINE ISD,4291515,3076426,2803977,2932004,0,13103922,618,13103922,21203.76
203901,SAN AUGUSTINE ISD,4864639,3810274,4439558,3674790,0,16789261,622,16789261,26992.38
203902,BROADDUS ISD,2655660,1744798,4130077,1685501,0,10216036,391,10216036,26127.97
204901,COLDSPRING-OAKHURST CISD,10010662,7744952,1503401,5323129,0,24582144,1626,24582144,15118.17
204904,SHEPHERD ISD,10746667,7857251,2289967,6656304,0,27550189,1958,27550189,14070.58
205901,ARANSAS PASS ISD,9161942,6705464,3095886,7348454,0,26311746,1731,26311746,15200.32
205902,GREGORY-PORTLAND ISD,34609215,22120065,110972341,21493310,0,189194931,4963,189194931,38121.08
205903,INGLESIDE ISD,13285740,7273980,5609995,8065793,6101765,40337273,2010,34235508,17032.59
205904,MATHIS ISD,11186322,6055899,3436789,9382027,0,30061037,1447,30061037,20774.73
205905,ODEM-EDROY ISD,5788125,4416841,4190736,4748888,0,19144590,913,19144590,20968.88
205906,SINTON ISD,13214454,7812940,51561771,8364190,0,80953355,2023,80953355,40016.49
205907,TAFT ISD,5497731,4180979,5122377,5182755,0,19983842,836,19983842,23904.12
206901,SAN SABA ISD,5336009,2643051,244433,2691193,0,10914686,738,10914686,14789.55
206902,RICHLAND SPRINGS ISD,1141814,860775,156325,1160692,0,3319606,140,3319606,23711.47
206903,CHEROKEE ISD,1414718,706526,326718,761814,0,3209776,130,3209776,24690.58
207901,SCHLEICHER ISD,3929648,2137299,39916,3241767,28539,9377169,451,9348630,20728.67
208901,HERMLEIGH ISD,1804208,965632,792943,1951134,913521,6427438,260,5513917,21207.37
208902,SNYDER ISD,14615620,6898107,2544138,8094226,0,32152091,2396,32152091,13419.07
208903,IRA ISD,1688658,855635,742301,1951581,0,5238175,249,5238175,21036.85
209901,ALBANY ISD,3142822,2223959,398236,2524018,0,8289035,496,8289035,16711.76
209902,MORAN ISD,1239127,625417,87475,1381165,0,3333184,121,3333184,27546.98
210901,CENTER ISD,15841166,9276467,12891210,10026482,0,48035325,2434,48035325,19735.14
210902,JOAQUIN ISD,5216067,3441438,1430220,2991567,0,13079292,712,13079292,18369.79
210903,SHELBYVILLE ISD,5425359,2952138,601737,3010509,0,11989743,857,11989743,13990.37
210904,TENAHA ISD,3441616,2178369,1109473,2149421,0,8878879,459,8878879,19343.96
210905,TIMPSON ISD,5514358,2971389,1203115,3712472,0,13401334,717,13401334,18690.84
210906,EXCELSIOR ISD,704134,463365,6224,454709,0,1628432,77,1628432,21148.47
211901,TEXHOMA ISD,689828,488072,240534,622357,0,2040791,161,2040791,12675.72
211902,STRATFORD ISD,4016212,1560795,1180022,2153250,51818,8962097,534,8910279,16685.92
212901,ARP ISD,6682801,3542170,2251201,3708364,0,16184536,1002,16184536,16152.23
212902,BULLARD ISD,16012072,11138178,47558943,8480434,0,83189627,2912,83189627,28567.87
212903,LINDALE ISD,28341636,15626439,6944484,11255504,0,62168063,4552,62168063,13657.31
212904,TROUP ISD,6996546,4265357,488500,4209579,0,15959982,1075,15959982,14846.49
212905,TYLER ISD,112067152,67777108,76716585,49897476,0,306458321,18304,306458321,16742.7
212906,WHITEHOUSE ISD,27787244,17237934,7815076,14796736,0,67636990,4826,67636990,14015.12
212909,CHAPEL HILL ISD (Smith),20064567,13413343,28407203,9712992,0,71598105,3270,71598105,21895.44
212910,WINONA ISD,8904325,5520183,10795418,4317138,0,29537064,1153,29537064,25617.58
213901,GLEN ROSE ISD,13528274,6918892,9611038,13943648,6698521,50700373,2060,44001852,21360.12
214901,RIO GRANDE CITY GRULLA ISD,62258633,45226663,44680691,27392202,0,179558189,9482,179558189,18936.74
214902,SAN ISIDRO ISD,1791706,1363434,8441,1460970,0,4624551,163,4624551,28371.48
214903,ROMA ISD,47235714,29541001,13734149,19206992,0,109717856,5932,109717856,18495.93
215901,BRECKENRIDGE ISD,8047389,5663013,1057927,8989175,0,23757504,1390,23757504,17091.73
216901,STERLING CITY ISD,2573087,1850869,4763390,1990639,2206437,13384422,360,11177985,31049.96
217901,ASPERMONT ISD,1344215,846274,604393,1316928,0,4111810,192,4111810,21415.68
218901,SONORA ISD,4629774,2544112,412511,3835740,0,11422137,654,11422137,17465.04
219901,HAPPY ISD,1947512,1039989,0,1460834,0,4448335,270,4448335,16475.31
219903,TULIA ISD,7533957,5841821,6204920,6067556,0,25648254,884,25648254,29013.86
219905,KRESS ISD,1942013,1090681,469140,1703119,0,5204953,264,5204953,19715.73
220901,ARLINGTON ISD,373719126,220662535,261586340,141925238,2153778,1000047017,54750,997893239,18226.36
220902,BIRDVILLE ISD,134487860,85890611,163380111,54116461,0,437875043,22219,437875043,19707.23
220904,EVERMAN ISD,37155141,20531764,8556072,16943874,0,83186851,5139,83186851,16187.36
220905,FORT WORTH ISD,472437304,324355773,274114956,228495678,4111116,1303514827,71060,1299403711,18286.01
220906,GRAPEVINE-COLLEYVILLE ISD,89194813,47227280,52273653,37230476,29706703,255632925,13565,225926222,16655.08
220907,KELLER ISD,195823350,91362066,147285639,111226525,0,545697580,33250,545697580,16411.96
220908,MANSFIELD ISD,207759983,131214379,92368787,87990563,0,519333712,35851,519333712,14485.89
220910,LAKE WORTH ISD,22944371,16334712,9948056,11804563,0,61031702,3238,61031702,18848.58
220912,CROWLEY ISD,115374750,43158358,135141615,66744624,0,360419347,16956,360419347,21256.15
220914,KENNEDALE ISD,17793828,10480147,8948384,23398171,0,60620530,2827,60620530,21443.41
220915,AZLE ISD,43689326,28544552,46277770,25132139,0,143643787,7218,143643787,19900.77
220916,HURST-EULESS-BEDFORD ISD,134925358,73396455,103456827,64795236,0,376573876,23226,376573876,16213.46
220917,CASTLEBERRY ISD,28224329,19560969,9606947,11026404,0,68418649,3740,68418649,18293.76
220918,Eagle Mountain-Saginaw ISD,139053843,75994066,202810549,57656577,20483,475535518,23462,475515035,20267.46
220919,CARROLL ISD,48520723,25927996,46528787,22922712,17973283,161873501,8292,143900218,17354.1
220920,WHITE SETTLEMENT ISD,38493177,21499816,64105010,18125130,0,142223133,6895,142223133,20627
221901,ABILENE ISD,83088534,58345398,25390619,37258528,0,204083079,14652,204083079,13928.68
221904,MERKEL ISD,7457175,4152005,1944229,4833642,0,18387051,1127,18387051,16315.04
221905,TRENT ISD,1206411,985116,501921,1105012,49094,3847554,146,3798460,26016.85
221911,JIM NED CISD,10587689,5616858,7329214,5024141,0,28557902,1630,28557902,17520.19
221912,WYLIE ISD (Taylor),28032721,13237882,21391531,18722230,0,81384364,5507,81384364,14778.35
222901,TERRELL COUNTY ISD,1106946,906323,1774269,1771871,0,5559409,117,5559409,47516.32
223901,BROWNFIELD ISD,11994052,7845849,6821645,7968479,0,34630025,1655,34630025,20924.49
223902,MEADOW ISD,2005160,1345039,372922,1808308,0,5531429,237,5531429,23339.36
223904,WELLMAN-UNION CISD,2153720,1300392,1034049,1720829,0,6208990,279,6208990,22254.44
224901,THROCKMORTON COLLEGIATE ISD,1355891,836551,21240124,2766608,145445,26344619,131,26199174,199993.69
224902,WOODSON ISD,1443848,740736,317533,1424751,0,3926868,176,3926868,22311.75
225902,MOUNT PLEASANT ISD,34854248,16240425,5992163,21776040,0,78862876,5152,78862876,15307.24
225906,CHAPEL HILL ISD (Titus),6754552,3540558,710054,4225564,0,15230728,978,15230728,15573.34
225907,HARTS BLUFF ISD,5631923,2831191,845719,2725451,0,12034284,891,12034284,13506.49
226901,CHRISTOVAL ISD,3284164,1920487,1255314,2128395,0,8588360,636,8588360,13503.71
226903,SAN ANGELO ISD,73411128,45706833,26792110,37380148,0,183290219,13180,183290219,13906.69
226905,WATER VALLEY ISD,2623175,1321375,2816913,1524018,0,8285481,319,8285481,25973.29
226906,WALL ISD,9759118,4763317,3085686,5028443,0,22636564,1334,22636564,16968.94
226907,GRAPE CREEK ISD,6525455,3916258,1176790,4458751,0,16077254,1199,16077254,13408.89
226908,VERIBEST ISD,1839664,1466223,10726425,1486730,0,15519042,255,15519042,60858.99
227506,UNIVERSITY OF TEXAS AT AUSTIN H S,765294,1830022,0,2065452,0,4660768,788,4660768,5914.68
227901,AUSTIN ISD,501942979,365927794,359073225,237558861,664839391,2129342250,72830,1464502859,20108.51
227904,PFLUGERVILLE ISD,171079257,85790148,88026029,114429874,8002828,467328136,25297,459325308,18157.3
227907,MANOR ISD,55495452,43535332,110398027,42430275,0,251859086,9658,251859086,26077.77
227909,EANES ISD,52420741,32714547,27958853,41798190,90671023,245563354,7738,154892331,20017.1
227910,DEL VALLE ISD,81267107,53194982,123002467,29372841,0,286837397,11287,286837397,25413.08
227912,LAGO VISTA ISD,11110297,4456100,26044841,6993272,7518228,56122738,1846,48604510,26329.64
227913,LAKE TRAVIS ISD,65842085,35580133,111030276,33171855,43205228,288829577,11272,245624349,21790.66
228901,GROVETON ISD,6351386,2686207,338318,3024409,0,12400320,771,12400320,16083.42
228903,TRINITY ISD,7553387,4280310,3969907,4573584,0,20377188,1220,20377188,16702.61
228904,CENTERVILLE ISD,1193506,624797,248795,717780,0,2784878,155,2784878,17966.95
228905,APPLE SPRINGS ISD,1418748,1040725,88463,1144151,0,3692087,207,3692087,17836.17
229901,COLMESNEIL ISD,2864444,1483691,1387704,1584388,0,7320227,401,7320227,18254.93
229903,WOODVILLE ISD,8899901,6578860,26206968,4545399,0,46231128,1215,46231128,38050.31
229904,WARREN ISD,8143329,5287776,2032036,4272935,0,19736076,1197,19736076,16487.95
229905,SPURGER ISD,2762245,1611961,249996,2219566,0,6843768,368,6843768,18597.2
229906,CHESTER ISD,1642435,766123,2642469,890002,0,5941029,187,5941029,31770.21
230901,BIG SANDY ISD (Upshur),4506592,2635373,925275,2592216,0,10659456,673,10659456,15838.72
230902,GILMER ISD,17868834,12568662,13600609,7877405,0,51915510,2923,51915510,17761.04
230903,ORE CITY ISD,6162367,3840671,1311583,3356183,0,14670804,807,14670804,18179.43
230904,UNION HILL ISD,2353855,1297943,15000,1324868,0,4991666,276,4991666,18085.75
230905,HARMONY ISD,6630622,3706008,487209,3184860,0,14008699,981,14008699,14280.02
230906,NEW DIANA ISD,6345962,3911294,940961,3846330,0,15044547,1164,15044547,12924.87
230908,UNION GROVE ISD,4550741,2403788,1176108,3616264,0,11746901,737,11746901,15938.81
231901,MCCAMEY ISD,3911945,3064112,28806959,3065887,4237551,43086454,498,38848903,78009.85
231902,RANKIN ISD,4419002,3147673,27870444,3793309,91349036,130579464,295,39230428,132984.5
232901,KNIPPA ISD,2578552,1554616,1040218,2031086,0,7204472,398,7204472,18101.69
232902,SABINAL ISD,3482398,3163459,5339848,2573972,0,14559677,466,14559677,31243.94
232903,UVALDE CISD,27256782,18974496,2347387,12170731,0,60749396,4062,60749396,14955.54
232904,UTOPIA ISD,1459290,941654,12123,1061930,0,3474997,201,3474997,17288.54
233901,SAN FELIPE-DEL RIO CISD,56937877,47556265,10648264,36892656,0,152035062,9907,152035062,15346.23
233903,COMSTOCK ISD,1417906,846597,136334,846098,1058017,4304952,200,3246935,16234.68
234902,CANTON ISD,13302003,4759691,11261616,5873897,0,35197207,2367,35197207,14869.96
234903,EDGEWOOD ISD (Van Zandt),6749296,4019448,7959234,3857973,0,22585951,1050,22585951,21510.43
234904,GRAND SALINE ISD,7709112,4998900,1403545,4299308,0,18410865,1176,18410865,15655.5
234905,MARTINS MILL ISD,3268669,2032584,3445435,1985056,0,10731744,485,10731744,22127.31
234906,VAN ISD,12875538,9587668,3234218,7136450,0,32833874,2351,32833874,13965.92
234907,WILLS POINT ISD,16489669,10246122,2521164,7578238,0,36835193,2863,36835193,12865.94
234909,FRUITVALE ISD,3244583,2305317,951256,2260582,0,8761738,401,8761738,21849.72
235901,BLOOMINGTON ISD,4828661,3339327,1204442,4013034,0,13385464,906,13385464,14774.24
235902,VICTORIA ISD,70086076,48035190,40647829,41359573,0,200128668,13027,200128668,15362.61
235904,NURSERY ISD,916398,386080,309849,690782,512005,2815114,137,2303109,16811.01
236901,NEW WAVERLY ISD,7052646,4598483,18120921,3960432,0,33732482,1066,33732482,31643.98
236902,HUNTSVILLE ISD,32682895,21459792,57963502,68797772,0,180903961,11318,180903961,15983.74
237902,HEMPSTEAD ISD,9746823,7098093,1962120,6309856,0,25116892,1582,25116892,15876.67
237904,WALLER ISD,56680546,32935823,185635414,23328009,0,298579792,9283,298579792,32164.15
237905,ROYAL ISD,17560168,10506281,22810950,11620336,0,62497735,2729,62497735,22901.33
238902,MONAHANS-WICKETT-PYOTE ISD,14205835,8388641,33029035,8055968,10705506,74384985,2200,63679479,28945.22
238904,GRANDFALLS-ROYALTY ISD,1364033,867493,959417,908229,0,4099172,138,4099172,29704.14
239901,BRENHAM ISD,29548820,17427072,5299010,12594115,0,64869017,4865,64869017,13333.82
239903,BURTON ISD,4400422,2245155,14316726,3344451,3660758,27967512,588,24306754,41338.02
240901,LAREDO ISD,141232491,92342543,76160453,67789388,0,377524875,20592,377524875,18333.57
240903,UNITED ISD,252239430,168330158,81746390,115445028,0,617761006,41203,617761006,14993.11
240904,WEBB CISD,3218230,2747748,3768670,2894121,0,12628769,256,12628769,49331.13
241901,BOLING ISD,5556471,3597022,40535,5353363,0,14547391,1145,14547391,12705.14
241902,EAST BERNARD ISD,6326600,3129608,1440078,3500908,0,14397194,1002,14397194,14368.46
241903,EL CAMPO ISD,20609816,11779217,5290504,12606565,0,50286102,3326,50286102,15119.09
241904,WHARTON ISD,11655372,8477075,20192448,8053544,0,48378439,1823,48378439,26537.82
241906,LOUISE ISD,3814466,2385691,127909,2572894,0,8900960,521,8900960,17084.38
242902,SHAMROCK ISD,2992614,2113689,376089,2402338,0,7884730,344,7884730,22920.73
242903,WHEELER ISD,2879494,1051967,331900,1825722,0,6089083,386,6089083,15774.83
242905,KELTON ISD,1290780,606106,2937828,1005697,2101750,7942161,140,5840411,41717.22
242906,FORT ELLIOTT CISD,1216142,1096648,478711,2016022,5310696,10118219,158,4807523,30427.36
243901,BURKBURNETT ISD,19931608,11522681,6721259,12799140,0,50974688,3267,50974688,15602.9
243902,ELECTRA ISD,3282265,2120153,1270754,2239887,0,8913059,444,8913059,20074.46
243903,IOWA PARK CISD,11977473,5693696,3202778,6460647,0,27334594,1938,27334594,14104.54
243905,WICHITA FALLS ISD,75444746,32427526,140080038,43186977,0,291139287,12868,291139287,22625.06
243906,CITY VIEW ISD,8661395,5106273,1856289,6580791,0,22204748,1170,22204748,18978.42
244901,HARROLD ISD,1273983,660949,327209,886383,0,3148524,152,3148524,20713.97
244903,VERNON ISD,11538667,6923646,3671947,6452704,0,28586964,1769,28586964,16159.96
244905,NORTHSIDE ISD (Wilbarger),1315482,855312,134130,1461697,0,3766621,234,3766621,16096.67
245901,LASARA ISD,3266641,1671244,396794,2634709,0,7969388,356,7969388,22385.92
245902,LYFORD CISD,10052408,6326125,16170190,8596120,0,41144843,1440,41144843,28572.81
245903,RAYMONDVILLE ISD,14439929,10177823,2056237,10773947,0,37447936,1975,37447936,18960.98
245904,SAN PERLITA ISD,2044710,1457010,1454097,1869300,0,6825117,212,6825117,32193.95
246902,FLORENCE ISD,7170944,5695589,19052873,5737775,0,37657181,1153,37657181,32660.17
246904,GEORGETOWN ISD,85876015,47569303,210425431,29926471,9586231,383383451,13472,373797220,27746.23
246905,GRANGER ISD,3845464,2366584,12756694,2425928,0,21394670,561,21394670,38136.67
246906,HUTTO ISD,62171655,38313670,129537410,24676627,509848,255209210,10035,254699362,25381.1
246907,JARRELL ISD,22385151,13470737,88159005,9658175,0,133673068,3713,133673068,36001.36
246908,LIBERTY HILL ISD,48880416,28876710,288988536,17498410,0,384244072,8829,384244072,43520.68
246909,ROUND ROCK ISD,288326939,169082562,164904228,89036142,0,711349871,46197,711349871,15398.18
246911,TAYLOR ISD,19126349,12602635,32907717,10425177,0,75061878,3063,75061878,24506
246912,THRALL ISD,5614030,4114908,21484158,3251677,0,34464773,852,34464773,40451.61
246913,LEANDER ISD,268160839,134203467,263717383,107637211,9643818,783362718,42593,773718900,18165.4
246914,COUPLAND ISD,2482493,1111577,3248567,1165845,0,8008482,296,8008482,27055.68
247901,FLORESVILLE ISD,21920838,12555601,4879637,12596308,0,51952384,4080,51952384,12733.43
247903,LA VERNIA ISD,18945773,8789764,12163627,9908375,0,49807539,3467,49807539,14366.18
247904,POTH ISD,5758533,3213313,2443189,3280238,0,14695273,949,14695273,15485.01
247906,STOCKDALE ISD,5853322,2861988,953097,2449629,0,12118036,862,12118036,14058.05
248901,KERMIT ISD,7296898,5790735,12261064,5607567,56774,31013038,1342,30956264,23067.26
248902,WINK-LOVING ISD,4885702,2921867,52996138,4094218,137926223,202824148,445,64897925,145838.03
249901,ALVORD ISD,5559937,3161249,1238442,4156214,0,14115842,850,14115842,16606.87
249902,BOYD ISD,7651848,4258314,4659705,4772304,0,21342171,1293,21342171,16505.93
249903,BRIDGEPORT ISD,11082587,7289481,2512654,6340278,0,27225000,2119,27225000,12848.04
249904,CHICO ISD,3611827,2406978,3604398,2163031,551445,12337679,558,11786234,21122.28
249905,DECATUR ISD,22058047,12632320,10768690,11130009,0,56589066,3811,56589066,14848.88
249906,PARADISE ISD,7370269,3973301,4253533,4303788,0,19900891,1304,19900891,15261.42
249908,SLIDELL ISD,2733509,1755067,6269890,1918096,0,12676562,482,12676562,26299.92
250902,HAWKINS ISD,5159608,3407021,6104297,3815542,0,18486468,792,18486468,23341.5
250903,MINEOLA ISD,12730683,7162603,22914307,7738324,0,50545917,1662,50545917,30412.71
250904,QUITMAN ISD,7895768,4775594,1245368,5222602,0,19139332,1210,19139332,15817.63
250905,YANTIS ISD,2448283,1187872,194967,1830523,3735,5665380,348,5661645,16269.09
250906,ALBA-GOLDEN ISD,6017371,2766049,761637,3499563,0,13044620,834,13044620,15641.03
250907,WINNSBORO ISD,9426715,6024224,3032910,6009312,0,24493161,1483,24493161,16515.95
251901,DENVER CITY ISD,10193126,7342387,7571603,6217304,579957,31904377,1505,31324420,20813.57
251902,PLAINS ISD,4364760,2904539,12265857,2869085,11363901,33768142,421,22404241,53216.72
252901,GRAHAM ISD,14461071,6489543,8058056,7014947,0,36023617,2183,36023617,16501.89
252902,NEWCASTLE ISD,1822677,860565,8967382,1075884,0,12726508,225,12726508,56562.26
252903,OLNEY ISD,6113888,4061006,1054873,3633035,0,14862802,728,14862802,20415.94
253901,ZAPATA COUNTY ISD,20165644,14526594,4106977,15944885,0,54744100,3359,54744100,16297.74
254901,CRYSTAL CITY ISD,12958186,9476208,4510843,8719309,0,35664546,1716,35664546,20783.53
254902,LA PRYOR ISD,3480974,2844554,445211,2695722,0,9466461,444,9466461,21320.86
